dato_Id,fyllingsgrad,kapasitet_TWh,fylling_TWh,fyllingsgrad_forrige_uke,endring_fyllingsgrad
1995-01-08,0.60827374,87.43758,53.185986,0.7527034,-0.14442968
1995-01-15,0.5823721,87.43758,50.921207,0.60827374,-0.025901616
1995-01-22,0.56241244,87.43758,49.17598,0.58238965,-0.019977212
1995-01-29,0.5345084,87.43758,46.736122,0.56241244,-0.027904034
1995-02-05,0.5064859,87.43758,44.2859,0.53448856,-0.02800268
1995-02-12,0.4820461,87.43758,42.14894,0.50648886,-0.024442762
1995-02-19,0.4558873,87.43758,39.86168,0.48203924,-0.026151955
1995-02-26,0.428471,87.43758,37.464466,0.4558873,-0.027416289
1995-03-05,0.4012592,87.43758,35.085133,0.428471,-0.027211785
1995-03-12,0.373207,87.43758,32.632317,0.4012592,-0.02805221
1995-03-19,0.3460462,87.43758,30.257442,0.37322423,-0.02717802
1995-03-26,0.32257026,87.43758,28.204762,0.34602916,-0.023458898
1995-04-02,0.29645383,87.43758,25.921206,0.32257026,-0.02611643
1995-04-09,0.27191508,87.43758,23.775597,0.29645383,-0.024538755
1995-04-16,0.25141096,87.43758,21.982765,0.27191508,-0.020504117
1995-04-23,0.22896734,87.43758,20.02035,0.25141096,-0.022443622
1995-04-30,0.21585692,87.43758,18.874006,0.22896734,-0.013110414
1995-05-07,0.22221531,87.43758,19.429968,0.21591908,0.0062962323
1995-05-14,0.23138708,87.43758,20.231926,0.22221531,0.009171769
1995-05-21,0.22298677,87.43758,19.497423,0.23138708,-0.008400306
1995-05-28,0.2534311,87.43758,22.159403,0.22298677,0.030444339
1995-06-04,0.37849998,87.43758,33.09512,0.2534311,0.12506887
1995-06-11,0.47965977,87.43758,41.94029,0.37850517,0.101154596
1995-06-18,0.5578705,87.43758,48.778847,0.47965977,0.07821074
1995-06-25,0.62650055,87.43758,54.77969,0.55784047,0.06866008
1995-07-02,0.6869737,87.43758,60.067318,0.62650055,0.060473144
1995-07-09,0.716065,87.43758,62.61099,0.6869737,0.029091299
1995-07-16,0.7523518,87.43758,65.78382,0.716065,0.03628683
1995-07-23,0.80792874,87.43758,70.64333,0.7523407,0.055588067
1995-07-30,0.83985716,87.43758,73.43508,0.8079417,0.031915486
1995-08-06,0.86305326,87.43758,75.46329,0.83985716,0.023196101
1995-08-13,0.8695521,87.43758,76.03153,0.86305326,0.0064988136
1995-08-20,0.8791585,87.43758,76.87149,0.8695521,0.009606421
1995-08-27,0.8853306,87.43758,77.41116,0.87919146,0.006139159
1995-09-03,0.8800385,87.43758,76.94844,0.88532907,-0.005290568
1995-09-10,0.8846295,87.43758,77.34986,0.8800157,0.0046138167
1995-09-17,0.88229525,87.43758,77.14576,0.88465655,-0.0023612976
1995-09-24,0.87659204,87.43758,76.64709,0.88229525,-0.005703211
1995-10-01,0.88163424,87.43758,77.08796,0.87659204,0.0050421953
1995-10-08,0.91064936,87.43758,79.62498,0.88163424,0.029015124
1995-10-15,0.92860866,87.43758,81.19529,0.91064936,0.017959297
1995-10-22,0.9479383,87.43758,82.88543,0.92860866,0.019329667
1995-10-29,0.9669163,87.43758,84.54482,0.9479383,0.018978
1995-11-05,0.95113397,87.43758,83.16485,0.96689224,-0.015758276
1995-11-12,0.9295417,87.43758,81.27688,0.95113397,-0.02159226
1995-11-19,0.90004575,87.43758,78.69782,0.92956567,-0.029519916
1995-11-26,0.88472545,87.43758,77.35825,0.90004534,-0.015319884
1995-12-03,0.86143786,87.43758,75.32204,0.88470596,-0.023268104
1995-12-10,0.8300317,87.43758,72.57596,0.8614576,-0.031425893
1995-12-17,0.802632,87.43758,70.1802,0.8300351,-0.027403116
1995-12-24,0.7663308,87.43758,67.00611,0.80257964,-0.036248863
1995-12-31,0.7307143,87.43758,63.89189,0.7662948,-0.035580456
1996-01-07,0.7000437,87.43758,61.210125,0.7307569,-0.0307132
1996-01-14,0.66754055,87.43758,58.36813,0.7000437,-0.032503128
1996-01-21,0.63452417,87.43758,55.48126,0.66754055,-0.033016384
1996-01-28,0.59882784,87.43758,52.360054,0.63448,-0.03565216
1996-02-04,0.56321627,87.43758,49.246265,0.59882784,-0.03561157
1996-02-11,0.525228,87.43758,45.924667,0.5632566,-0.038028598
1996-02-18,0.49014947,87.43758,42.85748,0.5252721,-0.035122603
1996-02-25,0.4547445,87.43758,39.761757,0.49014947,-0.03540498
1996-03-03,0.42532012,87.43758,37.18896,0.45466855,-0.029348433
1996-03-10,0.39594686,87.43758,34.620632,0.42532012,-0.029373258
1996-03-17,0.3658323,87.43758,31.98749,0.3959752,-0.030142903
1996-03-24,0.335949,87.43758,29.374567,0.3658061,-0.029857099
1996-03-31,0.3067467,87.43758,26.821188,0.3360167,-0.029270023
1996-04-07,0.28254682,87.43758,24.70521,0.30670512,-0.024158299
1996-04-14,0.26052397,87.43758,22.779587,0.28258702,-0.022063047
1996-04-21,0.25040904,87.43758,21.89516,0.26052397,-0.010114938
1996-04-28,0.26761565,87.43758,23.399664,0.25040904,0.01720661
1996-05-05,0.26564488,87.43758,23.227346,0.2676083,-0.0019634366
1996-05-12,0.25729516,87.43758,22.497265,0.26563674,-0.008341581
1996-05-19,0.2725087,87.43758,23.827501,0.25729516,0.015213549
1996-05-26,0.28028297,87.43758,24.507263,0.27251542,0.007767558
1996-06-02,0.3005633,87.43758,26.280527,0.28032157,0.020241737
1996-06-09,0.34887975,87.43758,30.505201,0.30052248,0.048357278
1996-06-16,0.39995295,87.43758,34.970917,0.34892982,0.051023126
1996-06-23,0.4367868,87.43758,38.191578,0.39990073,0.036886066
1996-06-30,0.461183,87.43758,40.324726,0.436832,0.024351
1996-07-07,0.49578354,87.43758,43.350113,0.461183,0.034600526
1996-07-14,0.5179027,87.43758,45.284157,0.4957528,0.02214986
1996-07-21,0.53431994,87.43758,46.71964,0.5179024,0.016417563
1996-07-28,0.54708266,87.43758,47.835583,0.53433484,0.012747824
1996-08-04,0.5598814,87.43758,48.954674,0.54708266,0.012798727
1996-08-11,0.5689726,87.43758,49.749584,0.5598814,0.009091198
1996-08-18,0.57304215,87.43758,50.10542,0.5689759,0.004066229
1996-08-25,0.58553666,87.43758,51.197906,0.5730281,0.012508571
1996-09-01,0.6002162,87.43758,52.481453,0.5855511,0.014665127
1996-09-08,0.60449964,87.43758,52.855984,0.6002167,0.0042829514
1996-09-15,0.5954293,87.43758,52.062893,0.6044987,-0.009069383
1996-09-22,0.5877694,87.43758,51.39313,0.5954196,-0.0076501966
1996-09-29,0.58359015,87.43758,51.02771,0.58778065,-0.0041905046
1996-10-06,0.6044686,87.43758,52.853268,0.58358747,0.020881116
1996-10-13,0.6278734,87.43758,54.89973,0.6044686,0.023404837
1996-10-20,0.63778627,87.43758,55.766487,0.62787277,0.009913504
1996-10-27,0.639721,87.43758,55.935654,0.63779664,0.001924336
1996-11-03,0.65740806,87.43758,57.482166,0.639721,0.017687082
1996-11-10,0.67043364,87.43758,58.621094,0.65740806,0.013025582
1996-11-17,0.65999055,87.43758,57.707977,0.67042065,-0.010430098
1996-11-24,0.64590186,87.43758,56.476093,0.65999055,-0.01408869
1996-12-01,0.62353766,87.43758,54.520622,0.6458985,-0.022360861
1996-12-08,0.6066771,87.43758,53.04638,0.6235416,-0.016864479
1996-12-15,0.58919704,87.43758,51.51796,0.6066771,-0.017480075
1996-12-22,0.5630935,87.43758,49.23553,0.58919704,-0.026103556
1996-12-29,0.54014987,87.43758,47.229393,0.5630534,-0.022903562
1997-01-05,0.500121,87.43758,43.729366,0.54014987,-0.04002887
1997-01-12,0.47374249,87.43758,41.422894,0.500121,-0.026378512
1997-01-19,0.46188492,87.43758,40.386097,0.47377655,-0.011891633
1997-01-26,0.44502485,87.43758,38.911896,0.46188492,-0.016860068
1997-02-02,0.42932025,87.43758,37.538723,0.44502485,-0.015704602
1997-02-09,0.41404364,87.43758,36.202972,0.42932597,-0.015282333
1997-02-16,0.3971476,87.43758,34.725624,0.41400716,-0.016859561
1997-02-23,0.3796406,87.43758,33.194855,0.397192,-0.017551392
1997-03-02,0.3690811,87.43758,32.271557,0.37962222,-0.010541111
1997-03-09,0.3573416,87.43758,31.245083,0.36906853,-0.011726946
1997-03-16,0.34227836,87.43758,29.92799,0.35734844,-0.015070081
1997-03-23,0.3189855,87.43758,27.89132,0.34227836,-0.02329287
1997-03-30,0.30214775,87.43758,26.419065,0.3190084,-0.016860664
1997-04-06,0.29474834,87.43758,25.77208,0.30212346,-0.007375121
1997-04-13,0.27952668,87.43758,24.441137,0.29476362,-0.015236944
1997-04-20,0.2632646,87.43758,23.019218,0.2795007,-0.016236097
1997-04-27,0.24364106,87.43758,21.303385,0.26329046,-0.019649401
1997-05-04,0.23866983,87.43758,20.868711,0.2436491,-0.0049792677
1997-05-11,0.23577803,87.43758,20.61586,0.23861988,-0.0028418452
1997-05-18,0.25708592,87.43758,22.478971,0.23583457,0.02125135
1997-05-25,0.27366182,87.43758,23.928326,0.25708592,0.016575903
1997-06-01,0.29537782,87.43758,25.827122,0.27366182,0.021715999
1997-06-08,0.35816097,87.43758,31.316729,0.2953891,0.06277189
1997-06-15,0.46028316,87.43758,40.246044,0.35816097,0.10212219
1997-06-22,0.52586997,87.43758,45.980797,0.46023378,0.06563619
1997-06-29,0.5878998,87.43758,51.404533,0.5258571,0.062042713
1997-07-06,0.66681296,87.43758,58.304512,0.5878998,0.07891315
1997-07-13,0.7068215,87.43758,61.80276,0.66681296,0.040008545
1997-07-20,0.7412485,87.43758,64.81297,0.7068071,0.03444141
1997-07-27,0.76382595,87.43758,66.787094,0.7412257,0.022600234
1997-08-03,0.7852428,87.43758,68.65973,0.76387495,0.021367848
1997-08-10,0.7978334,87.43758,69.76062,0.7852219,0.012611508
1997-08-17,0.80064,87.43758,70.00603,0.7978334,0.002806604
1997-08-24,0.8028436,87.43758,70.19869,0.8006591,0.0021844506
1997-08-31,0.82873416,87.43758,72.46251,0.8028243,0.025909841
1997-09-07,0.8470315,87.43758,74.062386,0.82873416,0.018297315
1997-09-14,0.8665203,87.43758,75.76643,0.84699714,0.019523144
1997-09-21,0.8919098,87.43758,77.98643,0.8665203,0.025389493
1997-09-28,0.8912399,87.43758,77.92786,0.8919098,-0.0006698966
1997-10-05,0.8903294,87.43758,77.84825,0.8912894,-0.0009599924
1997-10-12,0.9007985,87.43758,78.76364,0.89027673,0.0105217695
1997-10-19,0.89862365,87.43758,78.57348,0.9008634,-0.0022397637
1997-10-26,0.8860508,87.43758,77.474144,0.8985696,-0.012518764
1997-11-02,0.8724356,87.43758,76.28365,0.8860903,-0.013654649
1997-11-09,0.85423,87.43758,74.6918,0.8724356,-0.018205643
1997-11-16,0.84193146,87.43758,73.61645,0.85423,-0.012298524
1997-11-23,0.8199301,87.43758,71.6927,0.8419473,-0.02201724
1997-11-30,0.7937466,87.43758,69.40328,0.8199139,-0.026167333
1997-12-07,0.76524425,87.43758,66.9111,0.793763,-0.028518736
1997-12-14,0.7484167,87.43758,65.43974,0.7651654,-0.016748667
1997-12-21,0.723135,87.43758,63.22917,0.7484922,-0.025357187
1997-12-28,0.6998329,87.43758,61.191696,0.723097,-0.02326411
1998-01-04,0.66903186,87.43758,58.498528,0.6998329,-0.030801058
1998-01-11,0.6481402,87.43758,56.67181,0.6690655,-0.020925283
1998-01-18,0.6373458,87.43758,55.727974,0.64810884,-0.010763049
1998-01-25,0.61160415,87.43758,53.47719,0.6373648,-0.02576065
1998-02-01,0.5834262,87.43758,51.01337,0.6115525,-0.0281263
1998-02-08,0.55572766,87.43758,48.59148,0.5834262,-0.027698517
1998-02-15,0.54032576,87.43758,47.244778,0.55577874,-0.015452981
1998-02-22,0.5437136,87.43758,47.541004,0.54032576,0.0033878684
1998-03-01,0.537145,87.43758,46.96666,0.5436883,-0.0065432787
1998-03-08,0.51514935,87.43758,45.04341,0.5371614,-0.022012055
1998-03-15,0.4897472,87.43758,42.822308,0.51514214,-0.025394946
1998-03-22,0.46704644,87.43758,40.83741,0.4897472,-0.022700757
1998-03-29,0.44478145,87.43758,38.890614,0.4670485,-0.022267044
1998-04-05,0.43812725,87.43758,38.308784,0.44478145,-0.006654203
1998-04-12,0.42051712,87.43758,36.769,0.43812725,-0.017610133
1998-04-19,0.39908352,87.43758,34.894897,0.42051712,-0.021433592
1998-04-26,0.39115885,87.43758,34.20198,0.39910746,-0.007948607
1998-05-03,0.41649234,87.43758,36.417084,0.39114234,0.025350004
1998-05-10,0.43888578,87.43758,38.37511,0.41649234,0.022393435
1998-05-17,0.47967798,87.43758,41.94188,0.43888578,0.040792197
1998-05-24,0.51517403,87.43758,45.04557,0.47967798,0.035496056
1998-05-31,0.53078043,87.43758,46.410156,0.51517403,0.015606403
1998-06-07,0.5578892,87.43758,48.780483,0.53078043,0.027108788
1998-06-14,0.61217725,87.43758,53.527298,0.5579488,0.054228425
1998-06-21,0.65387005,87.43758,57.172813,0.61214715,0.041722894
1998-06-28,0.7176589,87.43758,62.750355,0.65387005,0.06378883
1998-07-05,0.77082217,87.43758,67.39882,0.7176479,0.053174257
1998-07-12,0.7984734,87.43758,69.81658,0.7708271,0.027646303
1998-07-19,0.8263191,87.43758,72.25134,0.79847014,0.027848959
1998-07-26,0.86114013,87.43758,75.296005,0.8263007,0.03483945
1998-08-02,0.87603,87.43758,76.597946,0.86114013,0.014889896
1998-08-09,0.89454263,87.43758,78.216644,0.87605095,0.018491685
1998-08-16,0.9024524,87.43758,78.90825,0.89452296,0.007929444
1998-08-23,0.9254038,87.43758,80.91506,0.9024756,0.022928178
1998-08-30,0.92180204,87.43758,80.60014,0.9254038,-0.0036017299
1998-09-06,0.90894663,87.43758,79.4761,0.92180204,-0.012855411
1998-09-13,0.91634667,87.43758,80.12313,0.9089235,0.0074231625
1998-09-20,0.927006,87.43758,81.05515,0.91637105,0.010634959
1998-09-27,0.9240908,87.43758,80.80026,0.927006,-0.0029152036
1998-10-04,0.91384715,87.43758,79.90458,0.9240642,-0.010217071
1998-10-11,0.8996502,87.43758,78.66323,0.91384745,-0.01419723
1998-10-18,0.8889357,87.43758,77.72638,0.8996784,-0.010742724
1998-10-25,0.8953104,87.43758,78.283775,0.8889357,0.0063747168
1998-11-01,0.89498127,87.43758,78.25499,0.8953104,-0.00032913685
1998-11-08,0.8754456,87.43758,76.546844,0.89498127,-0.01953566
1998-11-15,0.85343915,87.43758,74.62266,0.8754133,-0.021974146
1998-11-22,0.82692254,87.43758,72.3041,0.85343915,-0.026516616
1998-11-29,0.80470884,87.43758,70.361786,0.82692254,-0.022213697
1998-12-06,0.7846196,87.43758,68.60524,0.80470884,-0.02008921
1998-12-13,0.7551495,87.43758,66.02844,0.7846196,-0.029470146
1998-12-20,0.7437476,87.43758,65.03149,0.7552015,-0.011453927
1998-12-27,0.722948,87.43758,63.212826,0.7437726,-0.020824611
1999-01-03,0.7116279,87.43758,62.22302,0.72287834,-0.011250436
1999-01-10,0.6885271,87.43758,60.203144,0.7116279,-0.023100793
1999-01-17,0.65890956,87.43758,57.613457,0.6885875,-0.029677927
1999-01-24,0.6400372,87.43758,55.963303,0.6588508,-0.01881361
1999-01-31,0.6122258,87.43758,53.53154,0.6400372,-0.027811408
1999-02-07,0.5982434,87.43758,52.308956,0.6122258,-0.013982356
1999-02-14,0.5694103,87.43758,49.78786,0.5982916,-0.028881252
1999-02-21,0.54683423,87.43758,47.813858,0.569363,-0.022528768
1999-02-28,0.52264917,87.43758,45.699177,0.54685974,-0.024210572
1999-03-07,0.4996132,87.43758,43.684967,0.52267283,-0.023059636
1999-03-14,0.47214,87.43758,41.28278,0.49960127,-0.02746126
1999-03-21,0.4483395,87.43758,39.201717,0.47212657,-0.023787081
1999-03-28,0.42544353,87.43758,37.19975,0.44832158,-0.02287805
1999-04-04,0.41564056,87.43758,36.342606,0.42544353,-0.009802967
1999-04-11,0.42407632,87.43758,37.080208,0.41566217,0.008414149
1999-04-18,0.41969118,87.43758,36.69678,0.42407632,-0.0043851435
1999-04-25,0.40787292,87.43758,35.663418,0.41969118,-0.01181826
1999-05-02,0.41706225,87.43758,36.466915,0.4079033,0.009158939
1999-05-09,0.41709045,87.43758,36.46938,0.41701612,7.432699e-05
1999-05-16,0.41009408,87.43758,35.85763,0.4171418,-0.007047713
1999-05-23,0.44687158,87.43758,39.073368,0.41004014,0.03683144
1999-05-30,0.49875143,87.43758,43.609615,0.44692823,0.0518232
1999-06-06,0.5568779,87.43758,48.692055,0.49875143,0.05812648
1999-06-13,0.6333674,87.43758,55.38011,0.5568779,0.07648951
1999-06-20,0.70386875,87.43758,61.54458,0.6333674,0.07050133
1999-06-27,0.74788046,87.43758,65.39285,0.70384043,0.044040024
1999-07-04,0.80485064,87.43758,70.37419,0.7478956,0.05695504
1999-07-11,0.8315714,87.43758,72.71059,0.8048494,0.026722014
1999-07-18,0.859528,87.43758,75.155045,0.8315684,0.027959585
1999-07-25,0.8911324,87.43758,77.918465,0.859528,0.03160441
1999-08-01,0.9003288,87.43758,78.72257,0.8911101,0.009218693
1999-08-08,0.89760214,87.43758,78.48415,0.90035164,-0.0027495027
1999-08-15,0.89213955,87.43758,78.00652,0.89756024,-0.005420685
1999-08-22,0.88640815,87.43758,77.50539,0.8921801,-0.005771935
1999-08-29,0.88143855,87.43758,77.070854,0.88640815,-0.004969597
1999-09-05,0.8859966,87.43758,77.4694,0.88143855,0.004558027
1999-09-12,0.8866251,87.43758,77.52435,0.8859555,0.0006695986
1999-09-19,0.88513243,87.43758,77.39384,0.8866729,-0.001540482
1999-09-26,0.89470065,87.43758,78.23046,0.88513243,0.009568214
1999-10-03,0.90188074,87.43758,78.85827,0.8946965,0.007184267
1999-10-10,0.8998169,87.43758,78.6778,0.90188515,-0.0020682812
1999-10-17,0.9005964,87.43758,78.74597,0.8998169,0.00077950954
1999-10-24,0.8854341,87.43758,77.42021,0.9005964,-0.015162289
1999-10-31,0.8868322,87.43758,77.54246,0.8854341,0.0013980865
1999-11-07,0.90683556,87.43758,79.29151,0.88681006,0.020025492
1999-11-14,0.9051432,87.43758,79.14353,0.90685636,-0.0017131567
1999-11-21,0.8874347,87.43758,77.59514,0.9051432,-0.01770848
1999-11-28,0.88253367,87.43758,77.16661,0.8874015,-0.0048678517
1999-12-05,0.87614083,87.43758,76.607635,0.88256705,-0.006426215
1999-12-12,0.8585007,87.43758,75.06522,0.87614083,-0.017640114
1999-12-19,0.83151555,87.43758,72.7057,0.8585007,-0.026985168
1999-12-26,0.8088421,87.43758,70.7232,0.8314998,-0.022657692
2000-01-02,0.7840389,87.43758,68.55446,0.8088421,-0.024803221
2000-01-09,0.76902986,87.43758,67.24211,0.7840514,-0.015021563
2000-01-16,0.7456383,87.43758,65.19681,0.7690208,-0.023382485
2000-01-23,0.7185924,87.43758,62.83198,0.7456469,-0.027054489
2000-01-30,0.6897196,87.43758,60.307415,0.7185924,-0.028872788
2000-02-06,0.6682469,87.43758,58.429893,0.6897126,-0.02146566
2000-02-13,0.64900774,87.43758,56.747665,0.66825026,-0.019242525
2000-02-20,0.6195497,87.43758,54.171925,0.64901936,-0.029469669
2000-02-27,0.58818704,87.43758,51.42965,0.6195385,-0.031351447
2000-03-05,0.56218714,87.43758,49.15628,0.58818704,-0.025999904
2000-03-12,0.53396136,87.43758,46.68829,0.56218714,-0.02822578
2000-03-19,0.50506556,87.43758,44.161713,0.53396136,-0.028895795
2000-03-26,0.47836798,87.43758,41.82734,0.50508004,-0.02671206
2000-04-02,0.44824308,87.43758,39.19329,0.4783564,-0.03011331
2000-04-09,0.4195659,87.43758,36.685825,0.4482382,-0.028672308
2000-04-16,0.39326197,87.43758,34.385876,0.41958222,-0.026320249
2000-04-23,0.38505277,87.43758,33.668083,0.3932543,-0.0082015395
2000-04-30,0.40425667,87.43758,35.34722,0.3850253,0.019231379
2000-05-07,0.4557789,87.43758,39.852203,0.40430775,0.051471144
2000-05-14,0.50018096,87.43758,43.73461,0.4557173,0.044463664
2000-05-21,0.5703893,87.43758,49.87346,0.5002389,0.070150375
2000-05-28,0.60857457,87.43758,53.212284,0.57036096,0.03821361
2000-06-04,0.63708633,87.43758,55.705284,0.60855913,0.0285272
2000-06-11,0.65937066,87.43758,57.653774,0.63708633,0.022284329
2000-06-18,0.69987303,87.43758,61.1952,0.659382,0.040491045
2000-06-25,0.7510131,87.43758,65.66676,0.6998617,0.051151395
2000-07-02,0.8024157,87.43758,70.161285,0.7510131,0.05140263
2000-07-09,0.84027576,87.43758,73.47168,0.8024203,0.037855446
2000-07-16,0.8674742,87.43758,75.849846,0.84027576,0.027198434
2000-07-23,0.8889426,87.43758,77.72698,0.8674536,0.021489024
2000-07-30,0.90842324,87.43758,79.43033,0.8889673,0.01945597
2000-08-06,0.9138302,87.43758,79.9031,0.90842324,0.0054069757
2000-08-13,0.9231455,87.43758,80.7176,0.91380304,0.009342432
2000-08-20,0.9368105,87.43758,81.91244,0.92317265,0.013637841
2000-08-27,0.93894345,87.43758,82.09894,0.9368105,0.0021329522
2000-09-03,0.9399359,87.43758,82.18572,0.93890655,0.0010293722
2000-09-10,0.94644666,87.43758,82.755,0.93995464,0.0064920187
2000-09-17,0.94253695,87.43758,82.41315,0.94644666,-0.003909707
2000-09-24,0.9361145,87.43758,81.851585,0.9425625,-0.0064480305
2000-10-01,0.9314302,87.43758,81.442,0.9361145,-0.0046842694
2000-10-08,0.9246279,87.43758,80.84723,0.9314302,-0.0068023205
2000-10-15,0.9305308,87.43758,81.36336,0.9246279,0.0059028864
2000-10-22,0.9370849,87.43758,81.93644,0.9305308,0.0065541267
2000-10-29,0.9348193,87.43758,81.738335,0.9370849,-0.0022656322
2000-11-05,0.92921877,87.43758,81.24864,0.9348193,-0.005600512
2000-11-12,0.91539717,87.43758,80.04011,0.92921877,-0.013821602
2000-11-19,0.8989613,87.43758,78.603,0.9153847,-0.016423404
2000-11-26,0.88234967,87.43758,77.15051,0.8989744,-0.016624749
2000-12-03,0.8672892,87.43758,75.833664,0.88234925,-0.015060067
2000-12-10,0.86147845,87.43758,75.325584,0.8672892,-0.0058107376
2000-12-17,0.8477749,87.43758,74.12738,0.86147374,-0.013698816
2000-12-24,0.8186746,87.43758,71.58293,0.8477749,-0.029100299
2000-12-31,0.78927356,87.43758,69.01217,0.8186746,-0.029401064
2001-01-07,0.76089054,87.43758,66.530426,0.78927106,-0.028380513
2001-01-14,0.72803956,87.43758,63.658016,0.7608678,-0.03282821
2001-01-21,0.69528973,87.43758,60.79445,0.7280693,-0.032779574
2001-01-28,0.66678095,87.43758,58.301712,0.69528973,-0.028508782
2001-02-04,0.6311157,87.43758,55.183228,0.66675127,-0.03563559
2001-02-11,0.5970418,87.43758,52.203888,0.6311502,-0.0341084
2001-02-18,0.5726246,87.43758,50.06891,0.5970418,-0.024417162
2001-02-25,0.54309016,87.43758,47.48649,0.5726246,-0.02953446
2001-03-04,0.50821525,87.43758,44.43711,0.54309016,-0.034874916
2001-03-11,0.48084033,87.43758,42.04351,0.5082193,-0.027378976
2001-03-18,0.45424905,87.43758,39.718437,0.4808271,-0.026578039
2001-03-25,0.42593637,87.43758,37.242844,0.45426142,-0.028325051
2001-04-01,0.39924186,87.43758,34.90874,0.4259176,-0.026675731
2001-04-08,0.37971872,87.43758,33.201683,0.39926448,-0.019545764
2001-04-15,0.36062142,87.43758,31.531864,0.37971872,-0.019097298
2001-04-22,0.33764848,87.43758,29.523167,0.36061293,-0.022964448
2001-04-29,0.3219392,87.43758,28.149584,0.3376564,-0.015717208
2001-05-06,0.32226634,87.43758,28.178188,0.3219333,0.00033304095
2001-05-13,0.34677574,87.43758,30.32123,0.32224783,0.024527907
2001-05-20,0.38803688,87.43758,33.929005,0.34679487,0.041242003
2001-05-27,0.423363,87.43758,37.017838,0.3879989,0.03536409
2001-06-03,0.4690748,87.43758,41.014763,0.42342234,0.04565245
2001-06-10,0.5065875,87.43758,44.294785,0.46902007,0.037567437
2001-06-17,0.52995056,87.43758,46.337593,0.5066489,0.023301661
2001-06-24,0.58055925,87.43758,50.762695,0.52995056,0.050608695
2001-07-01,0.62756455,87.43758,54.872723,0.58055925,0.047005296
2001-07-08,0.66976625,87.43758,58.562737,0.62756455,0.042201698
2001-07-15,0.70761645,87.43758,61.87227,0.6697313,0.03788513
2001-07-22,0.7298695,87.43758,63.81802,0.70762163,0.02224785
2001-07-29,0.7470424,87.43758,65.31958,0.72986513,0.017177284
2001-08-05,0.76704377,87.43758,67.06845,0.7470424,0.020001352
2001-08-12,0.7793109,87.43758,68.14105,0.76704377,0.012267113
2001-08-19,0.80003715,87.43758,69.953316,0.7793109,0.020726264
2001-08-26,0.81061125,87.43758,70.877884,0.80003715,0.010574102
2001-09-02,0.81981474,87.43758,71.68262,0.81061125,0.009203494
2001-09-09,0.82399464,87.43758,72.048096,0.81981474,0.004179895
2001-09-16,0.82241833,87.43758,71.91026,0.82399464,-0.0015763044
2001-09-23,0.82185054,87.43758,71.86062,0.8223873,-0.0005367398
2001-09-30,0.8125432,87.43758,71.046814,0.8218821,-0.009338915
2001-10-07,0.84084696,87.43758,73.52162,0.81252414,0.028322816
2001-10-14,0.86781055,87.43758,75.87925,0.8408637,0.026946843
2001-10-21,0.8709768,87.43758,76.156105,0.86781055,0.0031662583
2001-10-28,0.86864066,87.43758,75.951836,0.8709817,-0.002341032
2001-11-04,0.88436866,87.43758,77.32706,0.86863565,0.015733004
2001-11-11,0.8749844,87.43758,76.506516,0.88436866,-0.0093842745
2001-11-18,0.8586431,87.43758,75.077675,0.8749895,-0.016346395
2001-11-25,0.838572,87.43758,73.3227,0.8586381,-0.020066082
2001-12-02,0.82011414,87.43758,71.70879,0.8385744,-0.018460274
2001-12-09,0.79693794,87.43758,69.68232,0.8201193,-0.023181379
2001-12-16,0.7738464,87.43758,67.66326,0.79693794,-0.023091555
2001-12-23,0.7447352,87.43758,65.11784,0.7738464,-0.029111207
2001-12-30,0.7164361,87.43758,62.643436,0.7447177,-0.02828163
2002-01-06,0.6859178,87.43758,59.97499,0.7164529,-0.030535102
2002-01-13,0.6676414,87.43758,58.376945,0.6859017,-0.0182603
2002-01-20,0.6501301,87.43758,56.845802,0.6676063,-0.017476201
2002-01-27,0.62424403,87.43758,54.582386,0.65016466,-0.02592063
2002-02-03,0.60412216,87.43758,52.82298,0.6242725,-0.020150363
2002-02-10,0.5872252,87.43758,51.34555,0.6040609,-0.01683569
2002-02-17,0.5644144,87.43758,49.35103,0.58727753,-0.02286315
2002-02-24,0.53834563,87.43758,47.071636,0.56439495,-0.026049316
2002-03-03,0.5103459,87.43758,44.623405,0.53834563,-0.027999759
2002-03-10,0.487738,87.43758,42.64663,0.51036733,-0.02262932
2002-03-17,0.46060702,87.43758,40.274364,0.487738,-0.027130991
2002-03-24,0.4343983,87.43758,37.982735,0.46060702,-0.026208729
2002-03-31,0.41384682,87.43758,36.185764,0.43438792,-0.020541102
2002-04-07,0.40083227,87.43758,35.047802,0.4138567,-0.01302442
2002-04-14,0.38654074,87.43758,33.798187,0.4007954,-0.014254659
2002-04-21,0.37524787,87.43758,32.810764,0.3865555,-0.011307627
2002-04-28,0.3969222,87.43758,34.705914,0.37526286,0.021659344
2002-05-05,0.4192074,87.43758,36.65448,0.3969222,0.022285193
2002-05-12,0.45318517,87.43758,39.625416,0.4192074,0.033977777
2002-05-19,0.5046576,87.43758,44.126038,0.45319778,0.05145985
2002-05-26,0.5722136,87.43758,50.03297,0.5046487,0.067564905
2002-06-02,0.634206,87.43758,55.453438,0.572202,0.06200397
2002-06-09,0.6946508,87.43758,60.738586,0.6342402,0.06041062
2002-06-16,0.74584156,87.43758,65.21458,0.6946328,0.051208735
2002-06-23,0.77940017,87.43758,68.14886,0.745839,0.03356117
2002-06-30,0.8038211,87.43758,70.28417,0.77940017,0.024420917
2002-07-07,0.8210515,87.43758,71.79075,0.8038121,0.017239392
2002-07-14,0.86083466,87.43758,75.269295,0.8210458,0.039788842
2002-07-21,0.8718294,87.43758,76.23065,0.86083466,0.010994732
2002-07-28,0.8789366,87.43758,76.85209,0.8718502,0.007086396
2002-08-04,0.88030213,87.43758,76.97148,0.8789376,0.0013645291
2002-08-11,0.8722087,87.43758,76.26382,0.88030213,-0.008093417
2002-08-18,0.86533594,87.43758,75.66288,0.8722052,-0.0068692565
2002-08-25,0.85653794,87.43758,74.8936,0.86531526,-0.00877732
2002-09-01,0.8486378,87.43758,74.202835,0.8565584,-0.007920563
2002-09-08,0.8494355,87.43758,74.27258,0.8485956,0.00083988905
2002-09-15,0.84234416,87.43758,73.652534,0.8494607,-0.007116556
2002-09-22,0.83032054,87.43758,72.60122,0.8423643,-0.012043774
2002-09-29,0.81723833,87.43758,71.457344,0.8302723,-0.013033986
2002-10-06,0.80942017,87.43758,70.77374,0.81723833,-0.007818162
2002-10-13,0.7876264,87.43758,68.86814,0.80947125,-0.021844864
2002-10-20,0.7584304,87.43758,66.31532,0.7876264,-0.029195964
2002-10-27,0.73822993,87.43758,64.54904,0.7583814,-0.020151496
2002-11-03,0.7161428,87.43758,62.61779,0.73822993,-0.022087157
2002-11-10,0.6926172,87.43758,60.56077,0.71611243,-0.023495257
2002-11-17,0.66454136,87.43758,58.10589,0.6926172,-0.028075814
2002-11-24,0.63682115,87.43758,55.6821,0.6646129,-0.027791739
2002-12-01,0.6085447,87.43758,53.209675,0.63680595,-0.028261244
2002-12-08,0.5799384,87.43758,50.70841,0.6085447,-0.028606296
2002-12-15,0.5503361,87.43758,48.12006,0.57989347,-0.029557347
2002-12-22,0.5234287,87.43758,45.767338,0.5503361,-0.026907444
2002-12-29,0.49692482,87.43758,43.4499,0.5234287,-0.026503861
2003-01-05,0.46633676,87.43758,40.775356,0.49698454,-0.030647784
2003-01-12,0.43604288,87.43758,38.12653,0.46632564,-0.030282766
2003-01-19,0.4243073,87.43758,37.100403,0.4360531,-0.0117458105
2003-01-26,0.40789947,87.43758,35.66574,0.4243073,-0.016407818
2003-02-02,0.3854328,87.43758,33.701313,0.40785435,-0.022421539
2003-02-09,0.3608393,87.43758,31.550917,0.38545325,-0.024613947
2003-02-16,0.3377376,87.43758,29.530956,0.3608193,-0.02308172
2003-02-23,0.31250682,87.43758,27.32484,0.33777496,-0.025268137
2003-03-02,0.28758445,87.43758,25.145687,0.31249207,-0.024907619
2003-03-09,0.26544634,87.43758,23.209984,0.28758034,-0.022134006
2003-03-16,0.24922009,87.43758,21.7912,0.26546437,-0.016244277
2003-03-23,0.23372345,87.43758,20.436213,0.24922009,-0.015496641
2003-03-30,0.22092831,87.43758,19.317436,0.23372345,-0.012795135
2003-04-06,0.20613974,87.43758,18.024359,0.22090095,-0.0147612095
2003-04-13,0.18703741,87.43758,16.354097,0.20616609,-0.01912868
2003-04-20,0.18116568,87.43758,15.840689,0.18702321,-0.0058575273
2003-04-27,0.18586282,87.43758,16.251396,0.18118207,0.0046807528
2003-05-04,0.19301482,87.43758,16.876747,0.18586129,0.007153526
2003-05-11,0.20786542,87.43758,18.175247,0.19304526,0.0148201585
2003-05-18,0.22841412,87.43758,19.971977,0.20786542,0.020548701
2003-05-25,0.27925825,87.43758,24.417665,0.22841412,0.050844133
2003-06-01,0.34551877,87.43758,30.211325,0.27925825,0.06626052
2003-06-08,0.42725754,87.43758,37.358364,0.34552667,0.08173087
2003-06-15,0.47707987,87.43758,41.714706,0.42725754,0.04982233
2003-06-22,0.51739115,87.43758,45.23943,0.4770444,0.04034674
2003-06-29,0.55885804,87.43758,48.865192,0.51739115,0.04146689
2003-07-06,0.5910847,87.43758,51.683014,0.55885804,0.03222668
2003-07-13,0.61130005,87.43758,53.450596,0.59105724,0.02024281
2003-07-20,0.6272603,87.43758,54.846127,0.61132014,0.01594019
2003-07-27,0.6517977,87.43758,56.99161,0.62724406,0.024553657
2003-08-03,0.6633029,87.43758,57.997597,0.6517977,0.011505187
2003-08-10,0.6607805,87.43758,57.777046,0.6633029,-0.002522409
2003-08-17,0.66965663,87.43758,58.553154,0.66082066,0.008835971
2003-08-24,0.67981076,87.43758,59.44101,0.6696255,0.010185242
2003-08-31,0.6842787,87.43758,59.831676,0.67981076,0.004467964
2003-09-07,0.68196446,87.43758,59.629322,0.68429714,-0.0023326874
2003-09-14,0.6901702,87.43758,60.346813,0.68196446,0.008205771
2003-09-21,0.704554,87.43758,61.604496,0.6901702,0.014383793
2003-09-28,0.7335153,87.43758,64.1368,0.70453066,0.028984666
2003-10-05,0.73375046,87.43758,64.157364,0.73351604,0.00023442507
2003-10-12,0.7310527,87.43758,63.92148,0.73376924,-0.0027165413
2003-10-19,0.7163529,87.43758,62.63616,0.7310339,-0.014681041
2003-10-26,0.6921913,87.43758,60.523533,0.7163525,-0.02416122
2003-11-02,0.67877066,87.43758,59.350063,0.6921913,-0.013420641
2003-11-09,0.67188174,87.43758,58.74771,0.67877066,-0.006888926
2003-11-16,0.65460217,87.43758,57.236828,0.67188174,-0.017279565
2003-11-23,0.6385082,87.43758,55.82961,0.65460217,-0.01609397
2003-11-30,0.62091684,87.43758,54.291466,0.6385082,-0.017591357
2003-12-07,0.6052229,87.43758,52.919224,0.62091535,-0.015692472
2003-12-14,0.5893327,87.43758,51.529823,0.6052229,-0.015890181
2003-12-21,0.5778476,87.43758,50.525593,0.5893327,-0.0114851
2003-12-28,0.5691333,87.43758,49.763638,0.5778476,-0.008714318
2004-01-04,0.54812825,87.43758,47.92701,0.5691521,-0.02102387
2004-01-11,0.5238127,87.43758,45.800915,0.54812825,-0.024315536
2004-01-18,0.49794063,87.43758,43.538723,0.5237956,-0.025854975
2004-01-25,0.46808153,87.43758,40.927914,0.49794236,-0.029860824
2004-02-01,0.440032,87.43758,38.47533,0.4680794,-0.028047383
2004-02-08,0.42997062,87.43758,37.59559,0.44003558,-0.0100649595
2004-02-15,0.4061046,87.43758,35.5088,0.42997062,-0.023866028
2004-02-22,0.3838071,87.43758,33.559166,0.4061046,-0.022297502
2004-02-29,0.35839364,87.43758,31.337072,0.3838071,-0.025413454
2004-03-07,0.332259,87.43758,29.051922,0.35839364,-0.02613464
2004-03-14,0.30746603,87.43758,26.884087,0.332259,-0.02479297
2004-03-21,0.29725438,87.43758,25.991203,0.30746603,-0.010211647
2004-03-28,0.27556568,87.43758,24.094797,0.29725438,-0.0216887
2004-04-04,0.26040417,87.43758,22.76911,0.27556568,-0.015161514
2004-04-11,0.24844591,87.43758,21.723509,0.26042405,-0.0119781345
2004-04-18,0.24686569,87.43758,21.585339,0.24841589,-0.0015501976
2004-04-25,0.2738452,87.43758,23.94436,0.24690783,0.026937366
2004-05-02,0.30304924,87.43758,26.49789,0.2738452,0.02920404
2004-05-09,0.40251514,87.43758,35.19495,0.30305532,0.09945983
2004-05-16,0.4433921,87.43758,38.769135,0.40251514,0.040876955
2004-05-23,0.4683623,87.43758,40.952465,0.4433921,0.024970204
2004-05-30,0.47425845,87.43758,41.46801,0.4683842,0.0058742464
2004-06-06,0.49497068,87.43758,43.279037,0.47423092,0.020739764
2004-06-13,0.52636033,87.43758,46.02367,0.495001,0.031359345
2004-06-20,0.5525732,87.43758,48.315662,0.5263088,0.02626443
2004-06-27,0.5806569,87.43758,50.77123,0.5526203,0.028036594
2004-07-04,0.6142603,87.43758,53.709435,0.5806569,0.03360343
2004-07-11,0.6362875,87.43758,55.635437,0.614226,0.022061527
2004-07-18,0.6532572,87.43758,57.11923,0.63629335,0.01696384
2004-07-25,0.6755662,87.43758,59.06987,0.6532572,0.022309005
2004-08-01,0.683705,87.43758,59.78151,0.6755571,0.008147895
2004-08-08,0.69386995,87.43758,60.670307,0.68373156,0.010138392
2004-08-15,0.69342214,87.43758,60.631153,0.6938479,-0.00042575598
2004-08-22,0.6965556,87.43758,60.905136,0.6934405,0.0031151175
2004-08-29,0.70678556,87.43758,61.799618,0.69654095,0.010244608
2004-09-05,0.7241783,87.43758,63.3204,0.70678556,0.017392755
2004-09-12,0.7321598,87.43758,64.01828,0.72420776,0.0079520345
2004-09-19,0.7564883,87.43758,66.14551,0.73214114,0.024347186
2004-09-26,0.7831975,87.43758,68.480896,0.7564883,0.026709199
2004-10-03,0.7912221,87.43758,69.18255,0.7831975,0.008024573
2004-10-10,0.80755043,87.43758,70.61025,0.79121,0.016340435
2004-10-17,0.79831254,87.43758,69.80251,0.8075476,-0.009235084
2004-10-24,0.79387695,87.43758,69.41468,0.7983153,-0.0044383407
2004-10-31,0.7854849,87.43758,68.6809,0.7938698,-0.008384883
2004-11-07,0.7810758,87.43758,68.29537,0.7854849,-0.0044091344
2004-11-14,0.7858065,87.43758,68.709015,0.7810702,0.0047363043
2004-11-21,0.7790308,87.43758,68.11657,0.7858065,-0.006775677
2004-11-28,0.7634805,87.43758,66.75688,0.7790407,-0.01556021
2004-12-05,0.7491908,87.43758,65.50743,0.7634689,-0.014278114
2004-12-12,0.73886806,87.43758,64.604836,0.7491908,-0.01032275
2004-12-19,0.7331344,87.43758,64.10349,0.73886806,-0.005733669
2004-12-26,0.7152487,87.43758,62.53961,0.7331094,-0.01786071
2005-01-02,0.7031288,87.43758,61.479877,0.7152487,-0.012119889
2005-01-09,0.70111096,87.43758,61.303444,0.7031675,-0.002056539
2005-01-16,0.6925349,87.43758,60.553577,0.7010774,-0.008542478
2005-01-23,0.67144936,87.43758,58.709908,0.6925349,-0.02108556
2005-01-30,0.64181745,87.43758,56.118965,0.67144936,-0.029631913
2005-02-06,0.614405,87.43758,53.72208,0.6418468,-0.0274418
2005-02-13,0.585605,87.43758,51.203888,0.614405,-0.028799951
2005-02-20,0.55084074,87.43758,48.16418,0.585579,-0.034738243
2005-02-27,0.51393247,87.43758,44.93701,0.55084074,-0.03690827
2005-03-06,0.47721624,87.43758,41.72663,0.51395214,-0.036735892
2005-03-13,0.4432161,87.43758,38.753742,0.47721624,-0.03400016
2005-03-20,0.4120166,87.43758,36.025734,0.4432161,-0.031199485
2005-03-27,0.38788608,87.43758,33.91582,0.41203174,-0.024145663
2005-04-03,0.36478016,87.43758,31.895494,0.3878709,-0.02309075
2005-04-10,0.3469015,87.43758,30.332228,0.36478016,-0.017878652
2005-04-17,0.33436447,87.43758,29.23602,0.34691852,-0.0125540495
2005-04-24,0.31934616,87.43758,27.922855,0.33435544,-0.015009284
2005-05-01,0.31308436,87.43758,27.375338,0.31932515,-0.006240785
2005-05-08,0.32526582,87.43758,28.440454,0.31312853,0.012137294
2005-05-15,0.32245448,87.43758,28.19464,0.32521525,-0.002760768
2005-05-22,0.32928607,87.43758,28.791977,0.32245448,0.0068315864
2005-05-29,0.38097116,87.43758,33.311195,0.32930678,0.051664382
2005-06-05,0.41575754,87.43758,36.352833,0.38100672,0.03475082
2005-06-12,0.4531793,87.43758,39.6249,0.41575754,0.037421763
2005-06-19,0.534468,87.43758,46.732586,0.45315167,0.08131632
2005-06-26,0.6170734,87.43758,53.955406,0.534468,0.08260542
2005-07-03,0.66035867,87.43758,57.740166,0.61710316,0.043255508
2005-07-10,0.7228679,87.43758,63.205822,0.66033524,0.06253266
2005-07-17,0.75402224,87.43758,65.92988,0.7228679,0.031154335
2005-07-24,0.7877118,87.43758,68.87561,0.75402224,0.03368956
2005-07-31,0.80265933,87.43758,70.18259,0.78768796,0.014971375
2005-08-07,0.81134504,87.43758,70.94205,0.8026706,0.008674443
2005-08-14,0.82153183,87.43758,71.83275,0.81136197,0.010169864
2005-08-21,0.82201993,87.43758,71.87543,0.82148474,0.0005351901
2005-08-28,0.8349284,87.43758,73.00412,0.82201993,0.012908459
2005-09-04,0.8489139,87.43758,74.226974,0.8349284,0.013985515
2005-09-11,0.8594204,87.43758,75.14564,0.84897065,0.010449767
2005-09-18,0.87871593,87.43758,76.832794,0.8593586,0.019357324
2005-09-25,0.88754,87.43758,77.60435,0.8787642,0.008775771
2005-10-02,0.8936306,87.43758,78.1369,0.88754,0.006090641
2005-10-09,0.8938496,87.43758,78.156044,0.8936513,0.00019830465
2005-10-16,0.88723683,87.43758,77.57784,0.8938496,-0.0066127777
2005-10-23,0.87103736,87.43758,76.1614,0.88715863,-0.016121268
2005-10-30,0.87233573,87.43758,76.274925,0.8711021,0.0012336373
2005-11-06,0.9035427,87.43758,79.003586,0.8722947,0.031247973
2005-11-13,0.92101467,87.43758,80.53129,0.90358204,0.01743263
2005-11-20,0.9187046,87.43758,80.32931,0.92101467,-0.0023100376
2005-11-27,0.9002279,87.43758,78.71375,0.9187046,-0.018476725
2005-12-04,0.871006,87.43758,76.15865,0.9002279,-0.029221892
2005-12-11,0.8456165,87.43758,73.93867,0.871006,-0.025389493
2005-12-18,0.8259395,87.43758,72.21815,0.845602,-0.0196625
2005-12-25,0.8012187,87.43758,70.056625,0.8259521,-0.024733424
2006-01-01,0.77011997,87.43758,67.337425,0.80115396,-0.031033993
2006-01-08,0.7351425,87.43758,64.27908,0.77011997,-0.034977436
2006-01-15,0.7097411,87.43758,62.058044,0.73522115,-0.025480032
2006-01-22,0.6774499,87.43758,59.234577,0.70966476,-0.03221488
2006-01-29,0.6434342,87.43758,56.26033,0.6774499,-0.034015656
2006-02-05,0.6137451,87.43758,53.664383,0.6435044,-0.029759288
2006-02-12,0.5833312,87.43758,51.00507,0.61367553,-0.030344307
2006-02-19,0.5497232,87.43758,48.066463,0.5833312,-0.03360802
2006-02-26,0.5173409,87.43758,45.235035,0.5497232,-0.03238231
2006-03-05,0.48172438,87.43758,42.12081,0.5173409,-0.035616517
2006-03-12,0.44624436,87.43758,39.018528,0.48177934,-0.035534978
2006-03-19,0.41322666,87.43758,36.13154,0.4461913,-0.032964647
2006-03-26,0.38263258,87.43758,33.456467,0.41325188,-0.030619293
2006-04-02,0.3570103,87.43758,31.216118,0.3826598,-0.025649488
2006-04-09,0.33260685,87.43758,29.082338,0.3570103,-0.024403453
2006-04-16,0.31224486,87.43758,27.301933,0.3325608,-0.020315945
2006-04-23,0.2942274,87.43758,25.726532,0.31228605,-0.018058658
2006-04-30,0.28703177,87.43758,25.097363,0.2942274,-0.0071956217
2006-05-07,0.3178792,87.43758,27.794588,0.2870328,0.030846387
2006-05-14,0.36957374,87.43758,32.314632,0.31784058,0.051733166
2006-05-21,0.3932466,87.43758,34.384533,0.36961442,0.023632169
2006-05-28,0.4276589,87.43758,37.393456,0.39325202,0.03440687
2006-06-04,0.44926205,87.43758,39.282387,0.42759782,0.021664232
2006-06-11,0.47769386,87.43758,41.768394,0.44931817,0.028375685
2006-06-18,0.5212603,87.43758,45.57774,0.47769386,0.043566465
2006-06-25,0.5614614,87.43758,49.092823,0.52122825,0.040233135
2006-07-02,0.5724818,87.43758,50.056423,0.5614614,0.011020422
2006-07-09,0.5846572,87.43758,51.121006,0.57252717,0.012130022
2006-07-16,0.6062614,87.43758,53.01003,0.5846572,0.02160418
2006-07-23,0.6064711,87.43758,53.028366,0.6062326,0.00023853779
2006-07-30,0.60265005,87.43758,52.694263,0.60649574,-0.0038456917
2006-08-06,0.6009689,87.43758,52.547264,0.60265005,-0.001681149
2006-08-13,0.5945869,87.43758,51.98924,0.60095567,-0.0063687563
2006-08-20,0.59075737,87.43758,51.654396,0.5946006,-0.003843248
2006-08-27,0.5889151,87.43758,51.493313,0.5907438,-0.0018286705
2006-09-03,0.6034645,87.43758,52.765472,0.5889302,0.014534295
2006-09-10,0.6140629,87.43758,53.692173,0.6034645,0.010598421
2006-09-17,0.61341345,87.43758,53.635387,0.61404383,-0.0006303787
2006-09-24,0.6195625,87.43758,54.173046,0.613427,0.0061355233
2006-10-01,0.62281907,87.43758,54.45779,0.6195548,0.0032642484
2006-10-08,0.6376155,87.43758,55.751556,0.62281907,0.014796436
2006-10-15,0.6428528,87.43758,56.20949,0.6376338,0.0052189827
2006-10-22,0.6418634,87.43758,56.122982,0.64284265,-0.0009792447
2006-10-29,0.64221674,87.43758,56.153873,0.6418561,0.0003606677
2006-11-05,0.64490175,87.43758,56.38865,0.64221674,0.0026850104
2006-11-12,0.65333134,87.43758,57.12571,0.6449114,0.008419931
2006-11-19,0.6549261,87.43758,57.265152,0.65333444,0.0015916824
2006-11-26,0.6597066,87.43758,57.683147,0.65494984,0.0047567487
2006-12-03,0.6741398,87.43758,58.945152,0.6596692,0.014470577
2006-12-10,0.6733967,87.43758,58.880177,0.67413944,-0.0007427335
2006-12-17,0.67891246,87.43758,59.36246,0.6733967,0.005515754
2006-12-24,0.67409015,87.43758,58.940807,0.67894864,-0.004858494
2006-12-31,0.67079633,87.43758,58.65281,0.67409015,-0.0032938123
2007-01-07,0.66083103,87.43758,57.781464,0.6707626,-0.009931564
2007-01-14,0.65319616,87.43758,57.11389,0.66083634,-0.007640183
2007-01-21,0.6391411,87.43758,55.88495,0.65319574,-0.014054656
2007-01-28,0.61007655,87.43758,53.343616,0.6391382,-0.029061675
2007-02-04,0.5869163,87.43758,51.318542,0.61007655,-0.02316022
2007-02-11,0.556171,87.43758,48.630245,0.5869163,-0.030745327
2007-02-18,0.52500576,87.43758,45.90523,0.556171,-0.031165242
2007-02-25,0.49217132,87.43758,43.03427,0.52500576,-0.03283444
2007-03-04,0.46408406,87.43758,40.57839,0.4921977,-0.028113633
2007-03-11,0.44083196,87.43758,38.545277,0.46405748,-0.023225516
2007-03-18,0.42959046,87.43758,37.56235,0.44085783,-0.011267364
2007-03-25,0.4086773,87.43758,35.733753,0.4295554,-0.020878077
2007-04-01,0.3886792,87.43758,33.98517,0.4086773,-0.019998103
2007-04-08,0.3719889,87.43758,32.52581,0.3886792,-0.016690314
2007-04-15,0.3603811,87.43758,31.510849,0.3719889,-0.011607796
2007-04-22,0.3550388,87.43758,31.043732,0.36039972,-0.005360931
2007-04-29,0.38219282,87.43758,33.418015,0.35505915,0.027133673
2007-05-06,0.4117726,87.43758,36.0044,0.38214582,0.029626787
2007-05-13,0.4250443,87.43758,37.164845,0.4118089,0.01323539
2007-05-20,0.44368243,87.43758,38.794518,0.42505842,0.018624008
2007-05-27,0.47704977,87.43758,41.71208,0.44366628,0.03338349
2007-06-03,0.54085535,87.43758,47.29108,0.47704977,0.06380558
2007-06-10,0.6144134,87.43758,53.722816,0.5408225,0.073590875
2007-06-17,0.6522697,87.43758,57.032883,0.6144468,0.037822902
2007-06-24,0.6924068,87.43758,60.54237,0.65224934,0.040157437
2007-07-01,0.7333864,87.43758,64.125534,0.6924068,0.040979624
2007-07-08,0.8063145,87.43758,70.50219,0.7333864,0.07292813
2007-07-15,0.8478024,87.43758,74.12979,0.8063145,0.041487873
2007-07-22,0.8775938,87.43758,76.73468,0.84780586,0.029787958
2007-07-29,0.89531004,87.43758,78.283745,0.8775893,0.017720759
2007-08-05,0.90840906,87.43758,79.429085,0.8953144,0.013094664
2007-08-12,0.9170071,87.43758,80.180885,0.90840906,0.00859803
2007-08-19,0.9387494,87.43758,82.08197,0.91700387,0.021745503
2007-08-26,0.9376208,87.43758,81.9833,0.93875116,-0.0011303425
2007-09-02,0.93212754,87.43758,81.502975,0.93761855,-0.0054910183
2007-09-09,0.9328386,87.43758,81.56515,0.93208927,0.0007493496
2007-09-16,0.93463856,87.43758,81.722534,0.9328386,0.0017999411
2007-09-23,0.9350137,87.43758,81.75533,0.9346837,0.00033003092
2007-09-30,0.9398316,87.43758,82.176605,0.9350137,0.004817903
2007-10-07,0.9287194,87.43758,81.20498,0.9398316,-0.011112213
2007-10-14,0.9174165,87.43758,80.21668,0.9287194,-0.011302888
2007-10-21,0.915917,87.43758,80.08556,0.91736656,-0.001449585
2007-10-28,0.9124416,87.43758,79.781685,0.915917,-0.003475368
2007-11-04,0.9241302,87.43758,80.8037,0.9124416,0.01168859
2007-11-11,0.9131453,87.43758,79.84321,0.92419535,-0.0110500455
2007-11-18,0.88993174,87.43758,77.81348,0.91308045,-0.023148715
2007-11-25,0.8683307,87.43758,75.924736,0.88993174,-0.021601021
2007-12-02,0.8477146,87.43758,74.12211,0.8683307,-0.020616114
2007-12-09,0.8338281,87.43758,72.907906,0.8477724,-0.013944328
2007-12-16,0.80433685,87.43758,70.32927,0.8338281,-0.029491246
2007-12-23,0.77874696,87.43758,68.09175,0.8042857,-0.025538743
2007-12-30,0.76842594,87.43758,67.18931,0.7787069,-0.010280967
2008-01-06,0.7424078,87.43758,64.91434,0.76842594,-0.026018143
2008-01-13,0.7156164,87.43758,62.571766,0.7424078,-0.026791394
2008-01-20,0.69523406,87.43758,60.78958,0.7156164,-0.020382345
2008-01-27,0.67163146,87.43758,58.725826,0.69523406,-0.023602605
2008-02-03,0.64984185,87.43758,56.8206,0.6716739,-0.021832049
2008-02-10,0.6245263,87.43758,54.60707,0.64987105,-0.02534473
2008-02-17,0.5941377,87.43758,51.949966,0.6245263,-0.030388594
2008-02-24,0.5780415,87.43758,50.542545,0.5941377,-0.016096234
2008-03-02,0.55833066,87.43758,48.81908,0.57798207,-0.019651413
2008-03-09,0.5307319,87.43758,46.405914,0.55833066,-0.027598739
2008-03-16,0.50500137,87.43758,44.156097,0.53078264,-0.025781274
2008-03-23,0.47530717,87.43758,41.559708,0.50500137,-0.0296942
2008-03-30,0.44534266,87.43758,38.939682,0.47530717,-0.029964507
2008-04-06,0.42132834,87.43758,36.83993,0.44531077,-0.023982435
2008-04-13,0.394433,87.43758,34.488266,0.42135233,-0.026919335
2008-04-20,0.36967757,87.43758,32.32371,0.394433,-0.024755418
2008-04-27,0.35648903,87.43758,31.170538,0.36967757,-0.013188541
2008-05-04,0.4043756,87.43758,35.357624,0.35648903,0.04788658
2008-05-11,0.46208742,87.43758,40.403805,0.40441418,0.057673246
2008-05-18,0.5036029,87.43758,44.03382,0.46208742,0.0415155
2008-05-25,0.5157648,87.43758,45.09722,0.5036029,0.012161851
2008-06-01,0.5662714,87.43758,49.5134,0.5157648,0.05050665
2008-06-08,0.6474634,87.43758,56.61263,0.5662714,0.08119196
2008-06-15,0.6890114,87.43758,60.245487,0.6474449,0.04156649
2008-06-22,0.7259121,87.43758,63.471996,0.6890114,0.0369007
2008-06-29,0.7508899,87.43758,65.65599,0.7259121,0.024977803
2008-07-06,0.78610617,87.43758,68.73522,0.7508899,0.035216272
2008-07-13,0.80844754,87.43758,70.6887,0.78610617,0.02234137
2008-07-20,0.8313072,87.43758,72.687485,0.80844754,0.022859633
2008-07-27,0.84860003,87.43758,74.19953,0.8313072,0.017292857
2008-08-03,0.85594916,87.43758,74.842125,0.84860003,0.0073491335
2008-08-10,0.859435,87.43758,75.14691,0.8559293,0.0035057068
2008-08-17,0.86894435,87.43758,75.97839,0.859435,0.009509325
2008-08-24,0.86173546,87.43758,75.34806,0.86894435,-0.0072088838
2008-08-31,0.8559916,87.43758,74.84583,0.86176103,-0.0057694316
2008-09-07,0.8618326,87.43758,75.35655,0.8559916,0.005841017
2008-09-14,0.85340434,87.43758,74.619606,0.8618326,-0.008428276
2008-09-21,0.83803475,87.43758,73.27573,0.85340434,-0.015369594
2008-09-28,0.8274376,87.43758,72.349144,0.83802783,-0.010590255
2008-10-05,0.81911683,87.43758,71.6216,0.8274376,-0.008320749
2008-10-12,0.8305393,87.43758,72.620346,0.81911683,0.011422455
2008-10-19,0.835025,87.43758,73.012566,0.83050245,0.004522562
2008-10-26,0.8583223,87.43758,75.04962,0.8350701,0.023252249
2008-11-02,0.84682536,87.43758,74.04436,0.8582782,-0.011452854
2008-11-09,0.82962626,87.43758,72.540504,0.84686345,-0.017237186
2008-11-16,0.82423526,87.43758,72.06913,0.82962626,-0.0053910017
2008-11-23,0.80704314,87.43758,70.565895,0.8242119,-0.01716876
2008-11-30,0.78709,87.43758,68.82124,0.80706793,-0.019977927
2008-12-07,0.7577409,87.43758,66.25503,0.7870523,-0.029311359
2008-12-14,0.7250217,87.43758,63.394146,0.7577848,-0.032763064
2008-12-21,0.7010288,87.43758,61.29626,0.7250217,-0.023992896
2008-12-28,0.67783505,87.43758,59.268253,0.70102286,-0.023187816
2009-01-04,0.64764106,87.43758,56.628166,0.6777884,-0.030147314
2009-01-11,0.62134385,87.43758,54.3288,0.64768934,-0.026345491
2009-01-18,0.6029415,87.43758,52.719746,0.62129205,-0.018350542
2009-01-25,0.5762201,87.43758,50.38329,0.6029895,-0.0267694
2009-02-01,0.5452491,87.43758,47.675262,0.5762209,-0.030971825
2009-02-08,0.51424867,87.43758,44.964657,0.5452093,-0.03096062
2009-02-15,0.48204854,87.43758,42.149155,0.5142875,-0.03223893
2009-02-22,0.45154724,87.43758,39.482197,0.4820453,-0.030498058
2009-03-01,0.42310485,87.43758,36.995262,0.45154777,-0.02844292
2009-03-08,0.39574605,87.43758,34.603077,0.42311883,-0.027372777
2009-03-15,0.36754936,87.43758,32.137627,0.39573404,-0.028184682
2009-03-22,0.34384933,87.43758,30.065353,0.367552,-0.023702681
2009-03-29,0.31792808,87.43758,27.79886,0.34385732,-0.025929242
2009-04-05,0.29904515,87.43758,26.147783,0.31792068,-0.01887554
2009-04-12,0.29858524,87.43758,26.10757,0.2990385,-0.00045326352
2009-04-19,0.30487856,87.43758,26.657845,0.29858524,0.0062933266
2009-04-26,0.31189588,87.43758,27.27142,0.3049183,0.006977588
2009-05-03,0.35675243,87.43758,31.19357,0.31189588,0.04485655
2009-05-10,0.38145325,87.43758,33.353348,0.35675243,0.02470082
2009-05-17,0.39645654,87.43758,34.6652,0.3814027,0.0150538385
2009-05-24,0.43336225,87.43758,37.892143,0.39645654,0.036905706
2009-05-31,0.48026347,87.43758,41.993073,0.43340066,0.04686281
2009-06-07,0.5075855,87.43758,44.38205,0.48023352,0.027352005
2009-06-14,0.5289758,87.43758,46.252365,0.5075855,0.02139026
2009-06-21,0.5582712,87.43758,48.81388,0.5289852,0.029286027
2009-06-28,0.5964009,87.43758,52.14785,0.5582636,0.038137317
2009-07-05,0.63498443,87.43758,55.5215,0.5964009,0.038583517
2009-07-12,0.6682201,87.43758,58.427547,0.63498443,0.03323567
2009-07-19,0.6977308,87.43758,61.00789,0.6682201,0.029510677
2009-07-26,0.73176295,87.43758,63.983578,0.6977287,0.034034252
2009-08-02,0.7634722,87.43758,66.75616,0.7317684,0.03170377
2009-08-09,0.77919334,87.43758,68.13078,0.7634735,0.015719831
2009-08-16,0.7913321,87.43758,69.19216,0.77919334,0.012138784
2009-08-23,0.81000024,87.43758,70.82446,0.7913321,0.018668115
2009-08-30,0.8248969,87.43758,72.12698,0.81000024,0.014896631
2009-09-06,0.8508157,87.43758,74.393265,0.8248969,0.025918841
2009-09-13,0.869298,87.43758,76.009315,0.8508157,0.018482268
2009-09-20,0.8675367,87.43758,75.855316,0.869299,-0.0017622709
2009-09-27,0.8908451,87.43758,77.89333,0.8675166,0.023328543
2009-10-04,0.8924484,87.43758,78.03353,0.89086574,0.0015826821
2009-10-11,0.88363403,87.43758,77.26282,0.89238805,-0.008754015
2009-10-18,0.86663324,87.43758,75.77631,0.88363403,-0.017000794
2009-10-25,0.846344,87.43758,74.002266,0.866692,-0.020348012
2009-11-01,0.824934,87.43758,72.13023,0.846344,-0.021409988
2009-11-08,0.8072313,87.43758,70.58235,0.824918,-0.017686665
2009-11-15,0.7853186,87.43758,68.66636,0.8072471,-0.02192849
2009-11-22,0.7904414,87.43758,69.11428,0.78528404,0.0051573515
2009-11-29,0.7857338,87.43758,68.70267,0.7904607,-0.0047268867
2009-12-06,0.7597933,87.43758,66.43449,0.7857402,-0.025946915
2009-12-13,0.73500156,87.43758,64.266754,0.75978726,-0.024785697
2009-12-20,0.7016799,87.43758,61.35319,0.73500687,-0.033326983
2009-12-27,0.6738896,87.43758,58.923275,0.7016799,-0.027790308
2010-01-03,0.64221823,87.43758,56.154007,0.6738577,-0.031639457
2010-01-10,0.6063988,87.43758,53.02204,0.6422489,-0.035850108
2010-01-17,0.57264125,87.43758,50.070362,0.6063719,-0.033730626
2010-01-24,0.53922486,87.43758,47.148514,0.57264125,-0.03341639
2010-01-31,0.5042414,87.43758,44.08965,0.53922486,-0.034983456
2010-02-07,0.47172073,87.43758,41.246117,0.504269,-0.03254828
2010-02-14,0.43819174,87.43758,38.314426,0.47172073,-0.033528984
2010-02-21,0.40440232,87.43758,35.359962,0.43819174,-0.033789426
2010-02-28,0.37350187,87.43758,32.6581,0.40440232,-0.030900449
2010-03-07,0.34543264,87.43758,30.203793,0.37350187,-0.028069228
2010-03-14,0.32124683,87.43758,28.089045,0.34540343,-0.0241566
2010-03-21,0.2996283,87.43758,26.198772,0.32127672,-0.021648437
2010-03-28,0.28059223,87.43758,24.534306,0.2996283,-0.019036055
2010-04-04,0.26368758,87.43758,23.056204,0.28059223,-0.016904652
2010-04-11,0.24812552,87.43758,21.695494,0.26369655,-0.015571028
2010-04-18,0.23902667,87.43758,20.899912,0.24812552,-0.009098858
2010-04-25,0.22542867,87.43758,19.710938,0.23902667,-0.013597995
2010-05-02,0.23157421,87.43758,20.248287,0.22543506,0.0061391443
2010-05-09,0.22889097,87.43758,20.013672,0.23153467,-0.0026437044
2010-05-16,0.24276093,87.43758,21.226427,0.22889097,0.013869956
2010-05-23,0.33197352,87.43758,29.02696,0.24281603,0.08915749
2010-05-30,0.37218097,87.43758,32.542603,0.33197352,0.040207446
2010-06-06,0.4122881,87.43758,36.049473,0.37214312,0.04014498
2010-06-13,0.45790207,87.43758,40.03785,0.4122881,0.045613974
2010-06-20,0.48887065,87.43758,42.745663,0.45790207,0.030968577
2010-06-27,0.51600844,87.43758,45.118526,0.48887065,0.027137786
2010-07-04,0.541669,87.43758,47.36223,0.5160311,0.025637925
2010-07-11,0.5612304,87.43758,49.072628,0.54165715,0.019573271
2010-07-18,0.591223,87.43758,51.695107,0.5612304,0.02999258
2010-07-25,0.6175367,87.43758,53.995914,0.591223,0.026313722
2010-08-01,0.62842673,87.43758,54.948112,0.6175367,0.010890007
2010-08-08,0.6408082,87.43758,56.03072,0.62842673,0.012381494
2010-08-15,0.6545599,87.43758,57.23313,0.64078623,0.01377368
2010-08-22,0.66250634,87.43758,57.927948,0.65457404,0.007932305
2010-08-29,0.67753416,87.43758,59.241947,0.66250634,0.015027821
2010-09-05,0.6725402,87.43758,58.805286,0.6775352,-0.0049949884
2010-09-12,0.66666436,87.43758,58.291515,0.67253137,-0.0058670044
2010-09-19,0.6795909,87.43758,59.42178,0.6666732,0.012917697
2010-09-26,0.6872033,87.43758,60.08739,0.6795909,0.007612407
2010-10-03,0.6805493,87.43758,59.505585,0.6872074,-0.0066580772
2010-10-10,0.7159096,87.43758,62.5974,0.68054616,0.035363436
2010-10-17,0.70178723,87.43758,61.362576,0.7159096,-0.014122367
2010-10-24,0.6874716,87.43758,60.110855,0.7017908,-0.014319181
2010-10-31,0.68761605,87.43758,60.12348,0.68746763,0.00014841557
2010-11-07,0.6847752,87.43758,59.875084,0.68762374,-0.0028485656
2010-11-14,0.66471356,87.43758,58.120945,0.68476474,-0.020051181
2010-11-21,0.6396847,87.43758,55.93248,0.6647231,-0.025038421
2010-11-28,0.6100101,87.43758,53.337803,0.6396759,-0.029665828
2010-12-05,0.57589996,87.43758,50.355297,0.6100183,-0.034118354
2010-12-12,0.5440361,87.43758,47.5692,0.5758921,-0.031856
2010-12-19,0.51252866,87.43758,44.814266,0.5440361,-0.031507432
2010-12-26,0.47993767,87.43758,41.964584,0.51250863,-0.03257096
2011-01-02,0.45233074,87.43758,39.550705,0.47993767,-0.027606934
2011-01-09,0.4268934,87.43758,37.326527,0.4523654,-0.025471985
2011-01-16,0.40424183,87.43758,35.345924,0.42688352,-0.022641689
2011-01-23,0.38618726,87.43758,33.767277,0.40424597,-0.018058717
2011-01-30,0.3635065,87.43758,31.784126,0.38618726,-0.02268076
2011-02-06,0.3458952,87.43758,30.244238,0.3635065,-0.017611295
2011-02-13,0.3259163,87.43758,28.497332,0.3458952,-0.01997891
2011-02-20,0.29737368,87.43758,26.001635,0.3259163,-0.028542608
2011-02-27,0.26863694,87.43758,23.488962,0.29735783,-0.028720886
2011-03-06,0.24679336,87.43758,21.579014,0.268649,-0.021855652
2011-03-13,0.22676215,87.43758,19.827534,0.24679336,-0.020031214
2011-03-20,0.2042216,87.43758,17.856642,0.22676215,-0.02254054
2011-03-27,0.19596171,87.43758,17.134418,0.2042216,-0.008259892
2011-04-03,0.18024975,87.43758,15.760602,0.19596466,-0.015714914
2011-04-10,0.18998015,87.43758,16.611404,0.18025991,0.009720236
2011-04-17,0.2017699,87.43758,17.642271,0.18998015,0.011789754
2011-04-24,0.22926785,87.43758,20.046625,0.20171203,0.027555823
2011-05-01,0.25829035,87.43758,22.584284,0.22926785,0.0290225
2011-05-08,0.26836973,87.43758,23.4656,0.25829035,0.010079384
2011-05-15,0.31296876,87.43758,27.36523,0.2683935,0.044575274
2011-05-22,0.34326357,87.43758,30.014135,0.3129895,0.030274063
2011-05-29,0.38007063,87.43758,33.232456,0.3432502,0.03682044
2011-06-05,0.42965117,87.43758,37.567657,0.3800822,0.04956898
2011-06-12,0.52978885,87.43758,46.323452,0.4296167,0.10017216
2011-06-19,0.5846526,87.43758,51.12061,0.52978885,0.05486375
2011-06-26,0.6203742,87.43758,54.24402,0.5846526,0.0357216
2011-07-03,0.67573375,87.43758,59.084522,0.6203742,0.055359542
2011-07-10,0.708473,87.43758,61.947163,0.6757461,0.032726943
2011-07-17,0.7250168,87.43758,63.39371,0.70846295,0.01655382
2011-07-24,0.75546426,87.43758,66.05597,0.7250236,0.030440629
2011-07-31,0.7745328,87.43758,67.723274,0.7554458,0.019087017
2011-08-07,0.7769351,87.43758,67.93332,0.7745328,0.0024023056
2011-08-14,0.7759107,87.43758,67.84375,0.7769351,-0.001024425
2011-08-21,0.7791235,87.43758,68.12467,0.7759107,0.0032128096
2011-08-28,0.786579,87.43758,68.776566,0.7791226,0.007456422
2011-09-04,0.7945936,87.43758,69.47733,0.78657883,0.008014739
2011-09-11,0.8173248,87.43758,71.464905,0.7945936,0.022731245
2011-09-18,0.8409108,87.43758,73.52721,0.8173248,0.023585975
2011-09-25,0.8519563,87.43758,74.493,0.8409166,0.011039734
2011-10-02,0.86443967,87.43758,75.58451,0.851944,0.012495637
2011-10-09,0.87917924,87.43758,76.87331,0.86444217,0.01473707
2011-10-16,0.87307364,87.43758,76.33945,0.87917924,-0.006105602
2011-10-23,0.874213,87.43758,76.439064,0.87306875,0.0011442304
2011-10-30,0.8712987,87.43758,76.18424,0.874213,-0.0029143095
2011-11-06,0.8821809,87.43758,77.135765,0.8712987,0.010882258
2011-11-13,0.8721055,87.43758,76.25479,0.8821809,-0.01007545
2011-11-20,0.856096,87.43758,74.85496,0.8721055,-0.01600945
2011-11-27,0.85282785,87.43758,74.56921,0.856096,-0.0032681823
2011-12-04,0.8582842,87.43758,75.04629,0.85282785,0.0054563284
2011-12-11,0.83705044,87.43758,73.18967,0.85827863,-0.021228194
2011-12-18,0.8183776,87.43758,71.55695,0.8370569,-0.018679261
2011-12-25,0.79808545,87.43758,69.78265,0.8183776,-0.020292163
2012-01-01,0.8026049,87.43758,70.177826,0.79808545,0.0045194626
2012-01-08,0.78240347,87.43758,68.41146,0.8026049,-0.020201445
2012-01-15,0.75663793,87.43758,66.158585,0.7823787,-0.025740743
2012-01-22,0.7258184,87.43758,63.463802,0.75667155,-0.030853152
2012-01-29,0.6908335,87.43758,60.404808,0.7258184,-0.034984887
2012-02-05,0.6517303,87.43758,56.985718,0.6908335,-0.03910321
2012-02-12,0.6134041,87.43758,53.63457,0.6517303,-0.038326204
2012-02-19,0.58094066,87.43758,50.796043,0.6134041,-0.03246343
2012-02-26,0.5583242,87.43758,48.818516,0.58090293,-0.022578716
2012-03-04,0.5405347,87.43758,47.263042,0.5583242,-0.017789543
2012-03-11,0.5188921,87.43758,45.370667,0.5405713,-0.021679163
2012-03-18,0.50691783,87.43758,44.32367,0.5188572,-0.011939347
2012-03-25,0.50151044,87.43758,43.85086,0.50692445,-0.005414009
2012-04-01,0.5037772,87.43758,44.049057,0.50151044,0.0022667646
2012-04-08,0.4843652,87.43758,42.35172,0.50379616,-0.019430965
2012-04-15,0.46318135,87.43758,40.49946,0.48434687,-0.02116552
2012-04-22,0.43727493,87.43758,38.23426,0.46319965,-0.025924712
2012-04-29,0.42326722,87.43758,37.00946,0.43727493,-0.014007717
2012-05-06,0.41798848,87.43758,36.547897,0.42326722,-0.0052787364
2012-05-13,0.41028017,87.43758,35.8739,0.41798848,-0.007708311
2012-05-20,0.41267812,87.43758,36.083572,0.41028017,0.0023979545
2012-05-27,0.46679136,87.43758,40.815105,0.41273734,0.05405402
2012-06-03,0.50577897,87.43758,44.22409,0.46679136,0.038987607
2012-06-10,0.52857655,87.43758,46.217453,0.50573653,0.022840023
2012-06-17,0.57310027,87.43758,50.1105,0.52857655,0.044523716
2012-06-24,0.6294608,87.43758,55.03853,0.57314855,0.056312263
2012-07-01,0.68337405,87.43758,59.75257,0.62941533,0.053958714
2012-07-08,0.7446994,87.43758,65.114716,0.68336856,0.061330855
2012-07-15,0.799797,87.43758,69.93231,0.7447019,0.055095077
2012-07-22,0.82183224,87.43758,71.859024,0.79979706,0.022035182
2012-07-29,0.8521379,87.43758,74.50887,0.8218128,0.030325115
2012-08-05,0.8652351,87.43758,75.65406,0.8521379,0.013097167
2012-08-12,0.8713774,87.43758,76.19113,0.8652586,0.006118834
2012-08-19,0.87388486,87.43758,76.41038,0.8713774,0.0025074482
2012-08-26,0.87689966,87.43758,76.67398,0.87388486,0.003014803
2012-09-02,0.8834561,87.43758,77.24727,0.8768736,0.0065824986
2012-09-09,0.9017284,87.43758,78.84495,0.8834804,0.018247962
2012-09-16,0.91911566,87.43758,80.36525,0.9017284,0.01738727
2012-09-23,0.9224459,87.43758,80.65644,0.9190918,0.0033540726
2012-09-30,0.912187,87.43758,79.75942,0.92246795,-0.010280967
2012-10-07,0.9193172,87.43758,80.382866,0.912187,0.0071302056
2012-10-14,0.90843797,87.43758,79.43162,0.91929555,-0.010857582
2012-10-21,0.89890313,87.43758,78.597916,0.9084593,-0.009556174
2012-10-28,0.8829906,87.43758,77.206566,0.89890313,-0.015912533
2012-11-04,0.86770684,87.43758,75.870186,0.8829906,-0.015283763
2012-11-11,0.8560656,87.43758,74.852295,0.86769587,-0.011630297
2012-11-18,0.8522102,87.43758,74.5152,0.85606796,-0.0038577318
2012-11-25,0.85271364,87.43758,74.55922,0.8522102,0.00050342083
2012-12-02,0.8265699,87.43758,72.27327,0.85271364,-0.02614373
2012-12-09,0.7912804,87.43758,69.18764,0.8265699,-0.035289526
2012-12-16,0.75773114,87.43758,66.25417,0.7912804,-0.03354925
2012-12-23,0.7243872,87.43758,63.338665,0.75773114,-0.03334391
2012-12-30,0.7030398,87.43758,61.472103,0.7243872,-0.021347404
2013-01-06,0.6875844,87.43758,60.120716,0.7030398,-0.015455425
2013-01-13,0.65683645,87.43758,57.432186,0.6875844,-0.03074795
2013-01-20,0.61943805,87.43758,54.162163,0.6568055,-0.037367463
2013-01-27,0.5835425,87.43758,51.02355,0.6194708,-0.03592825
2013-02-03,0.5564944,87.43758,48.658524,0.5835425,-0.027048111
2013-02-10,0.52463466,87.43758,45.872784,0.5564944,-0.031859756
2013-02-17,0.49072853,87.43758,42.90811,0.52463466,-0.033906132
2013-02-24,0.4583228,87.43758,40.07464,0.4906958,-0.03237301
2013-03-03,0.4313292,87.43758,37.71438,0.4583228,-0.026993603
2013-03-10,0.40432328,87.43758,35.353046,0.43136314,-0.027039856
2013-03-17,0.37213603,87.43758,32.538673,0.404288,-0.032151967
2013-03-24,0.34092107,87.43758,29.809313,0.37217212,-0.031251043
2013-03-31,0.31404498,87.43758,27.459332,0.3409139,-0.02686891
2013-04-07,0.28714442,87.43758,25.107212,0.31404498,-0.02690056
2013-04-14,0.26070455,87.43758,22.795376,0.28715137,-0.02644682
2013-04-21,0.2630225,87.43758,22.99805,0.2607038,0.00231871
2013-04-28,0.25678307,87.43758,22.45249,0.26301777,-0.0062347054
2013-05-05,0.24768633,87.43758,21.657091,0.25678307,-0.009096742
2013-05-12,0.28008318,87.43758,24.489796,0.24770936,0.032373816
2013-05-19,0.34986097,87.43758,30.590996,0.28008318,0.06977779
2013-05-26,0.452274,87.43758,39.545742,0.34979877,0.102475226
2013-06-02,0.5324852,87.43758,46.559216,0.45232403,0.080161154
2013-06-09,0.57428044,87.43758,50.21369,0.532448,0.041832447
2013-06-16,0.6081944,87.43758,53.179047,0.57428044,0.03391397
2013-06-23,0.6445065,87.43758,56.35409,0.6081944,0.036312103
2013-06-30,0.68616754,87.43758,59.99683,0.64453644,0.041631103
2013-07-07,0.706997,87.43758,61.8181,0.6861367,0.020860255
2013-07-14,0.71903396,87.43758,62.870586,0.707004,0.012029946
2013-07-21,0.73395056,87.43758,64.17486,0.7190403,0.014910281
2013-07-28,0.73320496,87.43758,64.109665,0.73394823,-0.0007432699
2013-08-04,0.7407433,87.43758,64.7688,0.7332033,0.0075399876
2013-08-11,0.7587945,87.43758,66.347145,0.7407448,0.018049657
2013-08-18,0.76937646,87.43758,67.272415,0.7587945,0.01058197
2013-08-25,0.77919275,87.43758,68.13073,0.76937646,0.009816289
2013-09-01,0.7728223,87.43758,67.57371,0.77920246,-0.006380141
2013-09-08,0.771543,87.43758,67.46185,0.7727935,-0.0012504458
2013-09-15,0.76462406,87.43758,66.85687,0.7715722,-0.0069481134
2013-09-22,0.7775343,87.43758,67.98572,0.76462406,0.012910247
2013-09-29,0.766748,87.43758,67.04259,0.7775343,-0.010786295
2013-10-06,0.7534016,87.43758,65.87561,0.76673555,-0.013333976
2013-10-13,0.76245826,87.43758,66.66751,0.753387,0.0090712905
2013-10-20,0.7464528,87.43758,65.26803,0.76245826,-0.016005456
2013-10-27,0.7628195,87.43758,66.6991,0.7464828,0.016336739
2013-11-03,0.7701447,87.43758,67.339584,0.7628096,0.0073351264
2013-11-10,0.759715,87.43758,66.42764,0.7701524,-0.010437369
2013-11-17,0.7551251,87.43758,66.02631,0.759715,-0.0045899153
2013-11-24,0.7395161,87.43758,64.6615,0.7551251,-0.015609026
2013-12-01,0.72297484,87.43758,63.215168,0.7395161,-0.016541243
2013-12-08,0.7063446,87.43758,61.761063,0.72297627,-0.016631663
2013-12-15,0.6962398,87.43758,60.877525,0.7063446,-0.010104775
2013-12-22,0.6872436,87.43758,60.090916,0.6962398,-0.008996248
2013-12-29,0.6825693,87.43758,59.682205,0.68723625,-0.0046669245
2014-01-05,0.6718728,87.43758,58.74693,0.6825693,-0.01069653
2014-01-12,0.655433,87.43758,57.30947,0.6718582,-0.016425192
2014-01-19,0.62092626,87.43758,54.29229,0.655433,-0.03450674
2014-01-26,0.5872134,87.43758,51.344517,0.6209462,-0.03373283
2014-02-02,0.5548901,87.43758,48.518246,0.58720374,-0.032313645
2014-02-09,0.5273159,87.43758,46.107227,0.55489963,-0.027583718
2014-02-16,0.50472647,87.43758,44.132057,0.5273011,-0.022574604
2014-02-23,0.47889504,87.43758,41.87342,0.504735,-0.025839955
2014-03-02,0.45873976,87.43758,40.111095,0.47888723,-0.020147473
2014-03-09,0.43943617,87.43758,38.423233,0.45873976,-0.01930359
2014-03-16,0.42597792,87.43758,37.246475,0.43946368,-0.0134857595
2014-03-23,0.41488472,87.43758,36.276516,0.42597792,-0.011093199
2014-03-30,0.39108682,87.43758,34.195683,0.41483596,-0.023749143
2014-04-06,0.36516944,87.43758,31.929531,0.39110422,-0.025934786
2014-04-13,0.35526922,87.43758,31.06388,0.36516944,-0.009900212
2014-04-20,0.34247744,87.43758,29.945398,0.3552493,-0.012771845
2014-04-27,0.34460968,87.43758,30.131836,0.3425453,0.002064377
2014-05-04,0.34747607,87.43758,30.382465,0.34460968,0.0028663874
2014-05-11,0.34208798,87.43758,29.911346,0.34747607,-0.005388081
2014-05-18,0.3592329,87.43758,31.410456,0.34208798,0.017144918
2014-05-25,0.4539813,87.43758,39.695026,0.3592329,0.09474841
2014-06-01,0.5212999,87.43758,45.5812,0.4539813,0.06731859
2014-06-08,0.5904945,87.43758,51.63141,0.5212999,0.069194615
2014-06-15,0.6525655,87.43758,57.058746,0.5904945,0.062070966
2014-06-22,0.685087,87.43758,59.90235,0.65252686,0.03256017
2014-06-29,0.6934038,87.43758,60.629547,0.6850868,0.008316994
2014-07-06,0.7152541,87.43758,62.54009,0.69342315,0.021830976
2014-07-13,0.7651593,87.43758,66.90368,0.7152725,0.049886823
2014-07-20,0.78439033,87.43758,68.58519,0.76514953,0.019240797
2014-07-27,0.78933823,87.43758,69.01782,0.78439033,0.004947901
2014-08-03,0.79363465,87.43758,69.39349,0.78933823,0.004296422
2014-08-10,0.8007405,87.43758,70.0148,0.79360425,0.0071362257
2014-08-17,0.8077206,87.43758,70.62513,0.8007703,0.006950319
2014-08-24,0.8121365,87.43758,71.01125,0.8077206,0.0044158697
2014-08-31,0.8071034,87.43758,70.57117,0.8121263,-0.0050228834
2014-09-07,0.8041803,87.43758,70.315575,0.8071034,-0.0029230714
2014-09-14,0.8029619,87.43758,70.20904,0.80418044,-0.0012185574
2014-09-21,0.78649163,87.43758,68.76892,0.8029548,-0.01646316
2014-09-28,0.78428227,87.43758,68.575745,0.78649163,-0.0022093654
2014-10-05,0.7848369,87.43758,68.62424,0.7842859,0.00055098534
2014-10-12,0.7945291,87.43758,69.471695,0.7848369,0.009692192
2014-10-19,0.7873509,87.43758,68.844055,0.79453444,-0.007183552
2014-10-26,0.8154153,87.43758,71.297935,0.7873413,0.028074026
2014-11-02,0.8469255,87.43758,74.053116,0.8154153,0.031510174
2014-11-09,0.8408973,87.43758,73.526024,0.8469255,-0.0060281754
2014-11-16,0.8296904,87.43758,72.54612,0.8408973,-0.011206925
2014-11-23,0.8057503,87.43758,70.45286,0.82971174,-0.023961425
2014-11-30,0.7828175,87.43758,68.44766,0.8057264,-0.022908926
2014-12-07,0.7578192,87.43758,66.26187,0.7828175,-0.024998307
2014-12-14,0.73500794,87.43758,64.26731,0.7578077,-0.02279973
2014-12-21,0.71264464,87.43758,62.31192,0.7350285,-0.022383869
2014-12-28,0.6874996,87.43758,60.113297,0.7126445,-0.025144935
2015-01-04,0.67482245,87.43758,59.00484,0.68748647,-0.01266402
2015-01-11,0.6528829,87.43758,57.086494,0.6748361,-0.021953225
2015-01-18,0.6301827,87.43758,55.10165,0.6528829,-0.02270019
2015-01-25,0.59559447,87.43758,52.077335,0.63016844,-0.034573972
2015-02-01,0.56742114,87.43758,49.61393,0.59559447,-0.028173327
2015-02-08,0.5342806,87.43758,46.7162,0.56742114,-0.03314054
2015-02-15,0.51010716,87.43758,44.602535,0.5342806,-0.024173439
2015-02-22,0.48948315,87.43758,42.79922,0.51010716,-0.020624012
2015-03-01,0.46717626,87.43758,40.848763,0.48948315,-0.02230689
2015-03-08,0.44714355,87.43758,39.09715,0.46719456,-0.020051003
2015-03-15,0.42796892,87.43758,37.420567,0.44712278,-0.019153863
2015-03-22,0.40149778,87.43758,35.10599,0.42796892,-0.026471138
2015-03-29,0.3735648,87.43758,32.6636,0.40149778,-0.027932972
2015-04-05,0.349511,87.43758,30.560394,0.37358466,-0.02407366
2015-04-12,0.33337054,87.43758,29.149113,0.34951258,-0.01614204
2015-04-19,0.3181062,87.43758,27.814436,0.3333687,-0.015262485
2015-04-26,0.31244844,87.43758,27.319735,0.3180985,-0.0056500435
2015-05-03,0.2986958,87.43758,26.117239,0.31244698,-0.013751179
2015-05-10,0.3080914,87.43758,26.938766,0.29872075,0.009370655
2015-05-17,0.32806772,87.43758,28.685448,0.30805424,0.020013481
2015-05-24,0.33837414,87.43758,29.586615,0.32806772,0.010306418
2015-05-31,0.35427704,87.43758,30.977127,0.33837414,0.015902907
2015-06-07,0.391383,87.43758,34.22158,0.35427704,0.037105948
2015-06-14,0.4314766,87.43758,37.72727,0.391383,0.0400936
2015-06-21,0.4626772,87.43758,40.455376,0.43152657,0.031150639
2015-06-28,0.5092942,87.43758,44.531452,0.4626772,0.046617
2015-07-05,0.59036505,87.43758,51.62009,0.5092942,0.08107084
2015-07-12,0.66306543,87.43758,57.976837,0.590392,0.07267344
2015-07-19,0.7073752,87.43758,61.851177,0.6630325,0.044342756
2015-07-26,0.74516624,87.43758,65.15553,0.7073752,0.037791014
2015-08-02,0.7773214,87.43758,67.9671,0.74517334,0.032148063
2015-08-09,0.81264216,87.43758,71.05546,0.7773214,0.03532076
2015-08-16,0.84280574,87.43758,73.692894,0.8126381,0.03016764
2015-08-23,0.860247,87.43758,75.21791,0.8427901,0.01745689
2015-08-30,0.8943044,87.43758,78.195816,0.8602641,0.034040272
2015-09-06,0.91042894,87.43758,79.605705,0.89428604,0.016142905
2015-09-13,0.90272903,87.43758,78.932434,0.9104479,-0.007718861
2015-09-20,0.9263745,87.43758,80.99995,0.9027302,0.023644269
2015-09-27,0.92751664,87.43758,81.099815,0.9263744,0.0011422634
2015-10-04,0.9280495,87.43758,81.1464,0.9275145,0.0005350113
2015-10-11,0.9144033,87.43758,79.95321,0.92805195,-0.013648629
2015-10-18,0.8986103,87.43758,78.5723,0.9144033,-0.015793025
2015-10-25,0.8945379,87.43758,78.216225,0.8985748,-0.0040369034
2015-11-01,0.88433635,87.43758,77.32423,0.8945521,-0.010215759
2015-11-08,0.8784566,87.43758,76.81012,0.8843287,-0.0058721304
2015-11-15,0.8794347,87.43758,76.89564,0.87846124,0.00097346306
2015-11-22,0.85777396,87.43758,75.00168,0.87945384,-0.021679878
2015-11-29,0.844094,87.43758,73.805534,0.85777396,-0.013679981
2015-12-06,0.84811044,87.43758,74.156715,0.844094,0.004016459
2015-12-13,0.84278715,87.43758,73.69127,0.84811044,-0.005323291
2015-12-20,0.83879787,87.43758,73.34245,0.84278715,-0.0039892793
2015-12-27,0.842929,87.43758,73.703674,0.83879787,0.0041311383
2016-01-03,0.823581,87.43758,72.01193,0.842929,-0.019348025
2016-01-10,0.7877036,87.43758,68.87489,0.823581,-0.035877407
2016-01-17,0.74837506,87.43758,65.436104,0.78770787,-0.039332807
2016-01-24,0.70704883,87.43758,61.822636,0.748364,-0.04131514
2016-01-31,0.6921314,87.43758,60.51829,0.7070668,-0.014935374
2016-02-07,0.6712401,87.43758,58.69161,0.6921068,-0.020866692
2016-02-14,0.6418317,87.43758,56.120213,0.67127436,-0.029442668
2016-02-21,0.6093987,87.43758,53.284348,0.6418317,-0.032432973
2016-02-28,0.5744216,87.43758,50.226032,0.6093987,-0.034977138
2016-03-06,0.5387014,87.43758,47.102745,0.5744216,-0.03572017
2016-03-13,0.50200284,87.43758,43.893913,0.5387014,-0.03669858
2016-03-20,0.4762447,87.43758,41.641685,0.50197625,-0.025731564
2016-03-27,0.4538307,87.43758,39.681854,0.4762447,-0.022413999
2016-04-03,0.43407276,87.43758,37.95427,0.4538462,-0.019773424
2016-04-10,0.4169918,87.43758,36.460754,0.43407276,-0.017080963
2016-04-17,0.39696497,87.43758,34.709656,0.4169918,-0.020026833
2016-04-24,0.3814026,87.43758,33.348923,0.39700642,-0.015603811
2016-05-01,0.36117187,87.43758,31.579994,0.38135654,-0.020184666
2016-05-08,0.3656383,87.43758,31.970526,0.36119577,0.004442513
2016-05-15,0.39086804,87.43758,34.176556,0.36565942,0.025208622
2016-05-22,0.41366923,87.43758,36.170235,0.39080742,0.022861809
2016-05-29,0.4741886,87.43758,41.461903,0.41366923,0.060519367
2016-06-05,0.5625739,87.43758,49.1901,0.47424772,0.088326186
2016-06-12,0.5973108,87.43758,52.227406,0.56252235,0.03478843
2016-06-19,0.6261658,87.43758,54.750423,0.5973485,0.028817296
2016-06-26,0.6653341,87.43758,58.1752,0.62613964,0.039194465
2016-07-03,0.7082884,87.43758,61.93102,0.6653341,0.042954266
2016-07-10,0.7226109,87.43758,63.183346,0.7082884,0.014322519
2016-07-17,0.74333346,87.43758,64.99528,0.72259414,0.020739317
2016-07-24,0.75602335,87.43758,66.10485,0.74334353,0.012679815
2016-07-31,0.77848643,87.43758,68.06897,0.75602937,0.022457063
2016-08-07,0.792183,87.43758,69.26656,0.77848643,0.013696551
2016-08-14,0.81642264,87.43758,71.38602,0.7921797,0.024242938
2016-08-21,0.8155203,87.43758,71.30711,0.81642264,-0.0009023547
2016-08-28,0.82485104,87.43758,72.12298,0.8155038,0.00934726
2016-09-04,0.837333,87.43758,73.21438,0.8248729,0.012460113
2016-09-11,0.84592605,87.43758,73.96573,0.8372929,0.008633137
2016-09-18,0.84423554,87.43758,73.81792,0.8459544,-0.0017188787
2016-09-25,0.8336312,87.43758,72.89069,0.84423554,-0.010604322
2016-10-02,0.8625184,87.43758,75.41653,0.83365095,0.028867483
2016-10-09,0.85125333,87.43758,74.43153,0.8624742,-0.011220872
2016-10-16,0.8288154,87.43758,72.46961,0.8512449,-0.022429526
2016-10-23,0.8057332,87.43758,70.45136,0.8288672,-0.023133993
2016-10-30,0.78993857,87.43758,69.07031,0.8057332,-0.015794635
2016-11-06,0.7705462,87.43758,67.374695,0.78993803,-0.019391835
2016-11-13,0.7383432,87.43758,64.55894,0.7705284,-0.032185197
2016-11-20,0.72333384,87.43758,63.24656,0.7383432,-0.015009344
2016-11-27,0.71203715,87.43758,62.258804,0.72333384,-0.0112966895
2016-12-04,0.69074786,87.43758,60.39732,0.7120197,-0.021271825
2016-12-11,0.68794864,87.43758,60.15256,0.69074786,-0.002799213
2016-12-18,0.6619486,87.43758,57.879185,0.6879709,-0.026022255
2016-12-25,0.65414566,87.43758,57.19691,0.6619486,-0.0078029633
2017-01-01,0.65681624,87.43758,57.430424,0.65411353,0.002702713
2017-01-08,0.6315273,87.43758,55.21922,0.65687263,-0.025345325
2017-01-15,0.60821956,87.43758,53.181248,0.6314682,-0.023248613
2017-01-22,0.58893937,87.43758,51.495434,0.60826397,-0.0193246
2017-01-29,0.5680181,87.43758,49.666126,0.5888929,-0.020874798
2017-02-05,0.53691286,87.43758,46.946358,0.56807905,-0.031166196
2017-02-12,0.50263774,87.43758,43.949425,0.5368898,-0.034252048
2017-02-19,0.47411898,87.43758,41.45582,0.5026603,-0.028541297
2017-02-26,0.45362827,87.43758,39.664158,0.47406515,-0.020436883
2017-03-05,0.4269106,87.43758,37.32803,0.45366558,-0.026754975
2017-03-12,0.3964413,87.43758,34.663868,0.4268782,-0.030436903
2017-03-19,0.37739414,87.43758,32.99843,0.39647326,-0.019079119
2017-03-26,0.35608333,87.43758,31.135065,0.37739414,-0.021310806
2017-04-02,0.3461921,87.43758,30.270197,0.35608333,-0.009891242
2017-04-09,0.3426017,87.43758,29.956263,0.3461921,-0.003590405
2017-04-16,0.33305776,87.43758,29.121763,0.3426017,-0.0095439255
2017-04-23,0.31580195,87.43758,27.612957,0.33305776,-0.017255813
2017-04-30,0.29329053,87.43758,25.644613,0.31580195,-0.022511423
2017-05-07,0.28660214,87.43758,25.059797,0.29329053,-0.006688386
2017-05-14,0.2825846,87.43758,24.708513,0.28664252,-0.004057914
2017-05-21,0.35445148,87.43758,30.992378,0.2825846,0.07186687
2017-05-28,0.41856644,87.43758,36.598434,0.35441273,0.0641537
2017-06-04,0.4659535,87.43758,40.741844,0.4185935,0.047360003
2017-06-11,0.5567811,87.43758,48.683594,0.4659535,0.090827614
2017-06-18,0.61861235,87.43758,54.089966,0.55675906,0.06185329
2017-06-25,0.6588109,87.43758,57.60483,0.618599,0.040211916
2017-07-02,0.68310666,87.43758,59.72919,0.658823,0.024283648
2017-07-09,0.6963969,87.43758,60.89126,0.68310666,0.013290226
2017-07-16,0.7190594,87.43758,62.872814,0.6963999,0.02265948
2017-07-23,0.7340907,87.43758,64.18711,0.7190612,0.01502949
2017-07-30,0.753446,87.43758,65.87949,0.73407924,0.019366741
2017-08-06,0.782811,87.43758,68.44709,0.7534592,0.02935177
2017-08-13,0.7981367,87.43758,69.78714,0.7827977,0.015339017
2017-08-20,0.8141933,87.43758,71.19109,0.79815036,0.016042948
2017-08-27,0.8116217,87.43758,70.96623,0.81415164,-0.0025299191
2017-09-03,0.80744356,87.43758,70.60091,0.8116687,-0.004225135
2017-09-10,0.8167075,87.43758,71.41092,0.8074422,0.009265304
2017-09-17,0.832903,87.43758,72.82703,0.8167075,0.016195536
2017-09-24,0.83055294,87.43758,72.62154,0.8328887,-0.0023357868
2017-10-01,0.83145875,87.43758,72.700745,0.8305656,0.0008931756
2017-10-08,0.8565377,87.43758,74.893585,0.83145314,0.025084555
2017-10-15,0.8597796,87.43758,75.17705,0.85653836,0.003241241
2017-10-22,0.86243516,87.43758,75.40924,0.85977817,0.0026569963
2017-10-29,0.86665905,87.43758,75.77857,0.86242694,0.0042321086
2017-11-05,0.8637329,87.43758,75.52271,0.8666552,-0.0029222965
2017-11-12,0.8499628,87.43758,74.31869,0.86373496,-0.01377219
2017-11-19,0.830453,87.43758,72.6128,0.8499727,-0.019519746
2017-11-26,0.81579363,87.43758,71.331024,0.83044964,-0.014656007
2017-12-03,0.78737694,87.43758,68.84634,0.81579363,-0.028416693
2017-12-10,0.78128374,87.43758,68.31355,0.78737694,-0.006093204
2017-12-17,0.748637,87.43758,65.45901,0.78127307,-0.032636046
2017-12-24,0.73714674,87.43758,64.45432,0.7486377,-0.011490941
2017-12-31,0.7234081,87.43758,63.25305,0.73716253,-0.013754427
2018-01-07,0.69620234,87.43758,60.874245,0.7234081,-0.027205765
2018-01-14,0.6620492,87.43758,57.887978,0.69617385,-0.034124672
2018-01-21,0.6283446,87.43758,54.94093,0.66208744,-0.033742845
2018-01-28,0.5993164,87.43758,52.40278,0.6283446,-0.029028177
2018-02-04,0.56732786,87.43758,49.605774,0.59927964,-0.031951785
2018-02-11,0.5314368,87.43758,46.46755,0.56736153,-0.035924733
2018-02-18,0.49638394,87.43758,43.40261,0.5314368,-0.035052866
2018-02-25,0.45750174,87.43758,40.002842,0.49638394,-0.038882196
2018-03-04,0.4180045,87.43758,36.5493,0.45750174,-0.039497226
2018-03-11,0.38221157,87.43758,33.41965,0.4180045,-0.035792947
2018-03-18,0.3499369,87.43758,30.597635,0.38218558,-0.032248676
2018-03-25,0.31939,87.43758,27.926687,0.34996232,-0.030572325
2018-04-01,0.29089922,87.43758,25.435524,0.31939,-0.028490782
2018-04-08,0.26659948,87.43758,23.310812,0.29089922,-0.02429974
2018-04-15,0.24709085,87.43758,21.605026,0.26659948,-0.01950863
2018-04-22,0.25718614,87.43758,22.487734,0.24709085,0.010095298
2018-04-29,0.2700738,87.43758,23.6146,0.257213,0.012860805
2018-05-06,0.28401208,87.43758,24.833328,0.2700738,0.013938278
2018-05-13,0.38895252,87.43758,34.009068,0.2840049,0.10494763
2018-05-20,0.45667505,87.43758,39.93056,0.38889185,0.06778321
2018-05-27,0.50137717,87.43758,43.839203,0.45671523,0.04466194
2018-06-03,0.55206585,87.43758,48.2713,0.5014098,0.05065602
2018-06-10,0.570692,87.43758,49.899925,0.552022,0.018670022
2018-06-17,0.5955569,87.43758,52.074055,0.5707251,0.024831831
2018-06-24,0.61440384,87.43758,53.721985,0.59553593,0.01886791
2018-07-01,0.6174657,87.43758,53.989704,0.6144174,0.0030483007
2018-07-08,0.6145098,87.43758,53.73125,0.61745816,-0.0029483438
2018-07-15,0.60798067,87.43758,53.160355,0.6145098,-0.0065291524
2018-07-22,0.60391694,87.43758,52.805035,0.60798067,-0.0040637255
2018-07-29,0.60239536,87.43758,52.671993,0.60391694,-0.0015215874
2018-08-05,0.6099133,87.43758,53.329338,0.60239536,0.007517934
2018-08-12,0.6284055,87.43758,54.94626,0.6099133,0.018492222
2018-08-19,0.650902,87.43758,56.913292,0.6284055,0.022496462
2018-08-26,0.65992653,87.43758,57.702377,0.650902,0.00902456
2018-09-02,0.6551717,87.43758,57.286625,0.6599026,-0.0047308803
2018-09-09,0.6576943,87.43758,57.507195,0.65519595,0.0024983287
2018-09-16,0.6982678,87.43758,61.054848,0.65768903,0.040578783
2018-09-23,0.73960435,87.43758,64.66921,0.6982803,0.04132408
2018-09-30,0.76844805,87.43758,67.19123,0.73960435,0.0288437
2018-10-07,0.76953125,87.43758,67.28594,0.7684126,0.00111866
2018-10-14,0.8049198,87.43758,70.38023,0.76957244,0.035347342
2018-10-21,0.81331587,87.43758,71.114365,0.80486715,0.00844872
2018-10-28,0.8125305,87.43758,71.0457,0.81337214,-0.0008416176
2018-11-04,0.79812026,87.43758,69.785706,0.8125305,-0.014410257
2018-11-11,0.79030466,87.43758,69.102325,0.79812026,-0.007815599
2018-11-18,0.79353565,87.43758,69.384834,0.79028636,0.0032492876
2018-11-25,0.76603705,87.43758,66.98042,0.79353565,-0.027498603
2018-12-02,0.7433135,87.43758,64.99353,0.7660548,-0.022741318
2018-12-09,0.72253484,87.43758,63.176697,0.743309,-0.020774186
2018-12-16,0.68724614,87.43758,60.091137,0.7225228,-0.03527665
2018-12-23,0.6561191,87.43758,57.369465,0.68721503,-0.031095922
2018-12-30,0.63882816,87.43758,55.857586,0.6561191,-0.01729095
2019-01-06,0.6247437,87.43758,54.626076,0.6388643,-0.014120579
2019-01-13,0.6051246,87.43758,52.91063,0.624704,-0.01957941
2019-01-20,0.575313,87.43758,50.303974,0.6051246,-0.02981162
2019-01-27,0.53922457,87.43758,47.148487,0.575313,-0.036088407
2019-02-03,0.5046104,87.43758,44.121914,0.5392745,-0.034664094
2019-02-10,0.47594965,87.43758,41.615883,0.5045944,-0.02864474
2019-02-17,0.4560326,87.43758,39.874386,0.47591925,-0.019886643
2019-02-24,0.43921953,87.43758,38.404293,0.45607755,-0.016858011
2019-03-03,0.42302784,87.43758,36.988533,0.43917888,-0.01615104
2019-03-10,0.40190107,87.43758,35.14126,0.42307734,-0.021176279
2019-03-17,0.3800333,87.43758,33.22919,0.40190107,-0.021867752
2019-03-24,0.36629298,87.43758,32.02777,0.3800333,-0.013740331
2019-03-31,0.3601022,87.43758,31.486465,0.36629298,-0.006190777
2019-04-07,0.34492314,87.43758,30.159245,0.3601022,-0.015179068
2019-04-14,0.32373473,87.43758,28.30658,0.34492314,-0.021188408
2019-04-21,0.31298882,87.43758,27.366985,0.32373473,-0.010745913
2019-04-28,0.35680953,87.43758,31.19856,0.31298882,0.04382071
2019-05-05,0.39957395,87.43758,34.93778,0.35682702,0.04274693
2019-05-12,0.40127286,87.43758,35.086327,0.39955077,0.0017220974
2019-05-19,0.42240804,87.43758,36.934338,0.40127286,0.021135181
2019-05-26,0.50207245,87.43758,43.9,0.42240804,0.07966441
2019-06-02,0.5263022,87.43758,46.01859,0.50207245,0.024229765
2019-06-09,0.6011845,87.43758,52.566116,0.5263022,0.07488227
2019-06-16,0.64846,87.43758,56.699768,0.6012194,0.047240555
2019-06-23,0.68457246,87.43758,59.85736,0.6484368,0.036135674
2019-06-30,0.7060592,87.43758,61.73611,0.68457246,0.02148676
2019-07-07,0.72315353,87.43758,63.230793,0.7060592,0.017094314
2019-07-14,0.72363126,87.43758,63.272568,0.7231601,0.00047117472
2019-07-21,0.7277629,87.43758,63.633823,0.7236379,0.004124999
2019-07-28,0.73975617,87.43758,64.68249,0.7277629,0.011993289
2019-08-04,0.7368577,87.43758,64.429054,0.73975617,-0.0028984547
2019-08-11,0.73696476,87.43758,64.438416,0.736841,0.00012373924
2019-08-18,0.7561974,87.43758,66.12007,0.7369657,0.019231677
2019-08-25,0.77460504,87.43758,67.72958,0.7561974,0.018407643
2019-09-01,0.7869329,87.43758,68.80751,0.7745966,0.012336314
2019-09-08,0.79609257,87.43758,69.608406,0.7869403,0.009152293
2019-09-15,0.8178886,87.43758,71.514206,0.79608613,0.021802485
2019-09-22,0.8278803,87.43758,72.38785,0.8178886,0.009991705
2019-09-29,0.8237573,87.43758,72.02734,0.82787865,-0.004121363
2019-10-06,0.81442195,87.43758,71.21108,0.8237547,-0.009332776
2019-10-13,0.8112407,87.43758,70.93292,0.81442195,-0.0031812787
2019-10-20,0.80820346,87.43758,70.66735,0.8112407,-0.0030372143
2019-10-27,0.81352186,87.43758,71.132385,0.80820346,0.0053184032
2019-11-03,0.7997176,87.43758,69.92537,0.81352186,-0.013804257
2019-11-10,0.7706385,87.43758,67.38277,0.7997176,-0.02907908
2019-11-17,0.7452961,87.43758,65.166885,0.7706385,-0.025342405
2019-11-24,0.72408473,87.43758,63.312214,0.7452952,-0.021210492
2019-12-01,0.6987843,87.43758,61.100006,0.72408473,-0.025300443
2019-12-08,0.685824,87.43758,59.96679,0.69878465,-0.012960672
2019-12-15,0.66961926,87.43758,58.54989,0.685824,-0.016204715
2019-12-22,0.6500461,87.43758,56.838455,0.66960585,-0.019559741
2019-12-29,0.6345133,87.43758,55.48031,0.6500572,-0.015543878
2020-01-05,0.64096975,87.43758,56.044846,0.6345133,0.0064564347
2020-01-12,0.6393647,87.43758,55.904503,0.64096975,-0.0016050339
2020-01-19,0.6279266,87.43758,54.90438,0.639362,-0.0114353895
2020-01-26,0.6218893,87.43758,54.37649,0.6279219,-0.006032586
2020-02-02,0.6040448,87.43758,52.816216,0.6218916,-0.017846823
2020-02-09,0.58269125,87.43758,50.949112,0.60404027,-0.021349013
2020-02-16,0.5664745,87.43758,49.531155,0.58269125,-0.016216755
2020-02-23,0.5560923,87.43758,48.623367,0.56651986,-0.010427535
2020-03-01,0.5286925,87.43758,46.22759,0.5560402,-0.027347744
2020-03-08,0.5002324,87.43758,43.73911,0.52871054,-0.028478146
2020-03-15,0.4786322,87.43758,41.85044,0.5002324,-0.021600187
2020-03-22,0.4535684,87.43758,39.65892,0.47861385,-0.025045455
2020-03-29,0.4288957,87.43758,37.501602,0.4535684,-0.024672687
2020-04-05,0.40361938,87.43758,35.2915,0.42891183,-0.025292456
2020-04-12,0.38572064,87.43758,33.72648,0.40361938,-0.017898738
2020-04-19,0.37015346,87.43758,32.365322,0.38570347,-0.015550017
2020-04-26,0.35907346,87.43758,31.396513,0.3701756,-0.01110214
2020-05-03,0.34260553,87.43758,29.956598,0.35907134,-0.016465813
2020-05-10,0.32967618,87.43758,28.826086,0.3426419,-0.012965709
2020-05-17,0.3130793,87.43758,27.374897,0.32967618,-0.016596884
2020-05-24,0.31924576,87.43758,27.914076,0.31306028,0.006185472
2020-05-31,0.3627876,87.43758,31.72127,0.31920692,0.04358068
2020-06-07,0.45325172,87.43758,39.631233,0.3628392,0.09041253
2020-06-14,0.5461645,87.43758,47.755302,0.45324734,0.092917174
2020-06-21,0.65575576,87.43758,57.337696,0.5461868,0.10956895
2020-06-28,0.74377024,87.43758,65.03347,0.65569717,0.088073075
2020-07-05,0.7864247,87.43758,68.76307,0.74377215,0.042652547
2020-07-12,0.8073665,87.43758,70.59417,0.7864288,0.020937681
2020-07-19,0.83831084,87.43758,73.299866,0.80736446,0.030946374
2020-07-26,0.85968274,87.43758,75.16858,0.83831006,0.021372676
2020-08-02,0.89837766,87.43758,78.55197,0.85968274,0.03869492
2020-08-09,0.91168785,87.43758,79.71578,0.89837766,0.013310194
2020-08-16,0.9090943,87.43758,79.489,0.91168785,-0.002593577
2020-08-23,0.91780937,87.43758,80.25103,0.9090943,0.008715093
2020-08-30,0.91183317,87.43758,79.728485,0.91780686,-0.0059736967
2020-09-06,0.9085077,87.43758,79.43771,0.91183585,-0.0033281446
2020-09-13,0.92403585,87.43758,80.795456,0.9084665,0.015569329
2020-09-20,0.9324347,87.43758,81.52983,0.92403585,0.008398831
2020-09-27,0.940947,87.43758,82.274124,0.93248445,0.008462548
2020-10-04,0.94541264,87.43758,82.6646,0.9409478,0.0044648647
2020-10-11,0.94983155,87.43758,83.05097,0.94541085,0.0044206977
2020-10-18,0.9335173,87.43758,81.62449,0.9498349,-0.016317606
2020-10-25,0.92851293,87.43758,81.18692,0.9335173,-0.0050043464
2020-11-01,0.92978466,87.43758,81.29812,0.92851293,0.0012717247
2020-11-08,0.94737995,87.43758,82.83661,0.92978466,0.017595291
2020-11-15,0.93874025,87.43758,82.08117,0.94737995,-0.008639693
2020-11-22,0.95724815,87.43758,83.69946,0.9387378,0.018510342
2020-11-29,0.9462157,87.43758,82.7348,0.95724744,-0.011031747
2020-12-06,0.92082,87.43758,80.514275,0.9462157,-0.025395691
2020-12-13,0.89092755,87.43758,77.90054,0.92082,-0.029892445
2020-12-20,0.8710085,87.43758,76.158875,0.89092755,-0.019919038
2020-12-27,0.85282266,87.43758,74.56875,0.8710085,-0.018185854
2021-01-03,0.82173765,87.43758,71.85075,0.85279036,-0.031052709
2021-01-10,0.7817326,87.43758,68.352806,0.82177144,-0.040038824
2021-01-17,0.7426133,87.43758,64.93231,0.7817326,-0.039119303
2021-01-24,0.7126057,87.43758,62.30852,0.7426133,-0.0300076
2021-01-31,0.67094314,87.43758,58.665646,0.7126057,-0.041662574
2021-02-07,0.63350856,87.43758,55.392452,0.67089266,-0.037384093
2021-02-14,0.59371114,87.43758,51.912663,0.63350856,-0.039797425
2021-02-21,0.56102395,87.43758,49.054573,0.59371114,-0.032687187
2021-02-28,0.5510076,87.43758,48.178772,0.5610721,-0.010064483
2021-03-07,0.5266399,87.43758,46.04812,0.55096906,-0.024329185
2021-03-14,0.501343,87.43758,43.83622,0.526675,-0.025331974
2021-03-21,0.47183484,87.43758,41.256092,0.501343,-0.029508173
2021-03-28,0.45389295,87.43758,39.6873,0.47183484,-0.017941892
2021-04-04,0.4589419,87.43758,40.12877,0.45386273,0.00507918
2021-04-11,0.44231716,87.43758,38.67514,0.45895544,-0.016638279
2021-04-18,0.41547686,87.43758,36.32829,0.44231716,-0.0268403
2021-04-25,0.3980788,87.43758,34.807045,0.41547686,-0.01739806
2021-05-02,0.37029845,87.43758,32.378,0.3980788,-0.027780354
2021-05-09,0.3520418,87.43758,30.781683,0.37030095,-0.018259138
2021-05-16,0.38148648,87.43758,33.356255,0.35203037,0.029456109
2021-05-23,0.42757726,87.43758,37.386322,0.38150588,0.04607138
2021-05-30,0.47497064,87.43758,41.53028,0.42757726,0.04739338
2021-06-06,0.53526837,87.43758,46.80257,0.4750164,0.06025198
2021-06-13,0.5895708,87.43758,51.550644,0.53526837,0.054302454
2021-06-20,0.63270164,87.43758,55.3219,0.5895368,0.04316485
2021-06-27,0.6546841,87.43758,57.243996,0.63270164,0.021982491
2021-07-04,0.661016,87.43758,57.797638,0.65467274,0.0063432455
2021-07-11,0.67985827,87.43758,59.44516,0.6610309,0.018827379
2021-07-18,0.68686306,87.43758,60.057644,0.67985827,0.0070047975
2021-07-25,0.6866621,87.43758,60.04007,0.68686306,-0.00020098686
2021-08-01,0.69500494,87.43758,60.769547,0.6866576,0.0083473325
2021-08-08,0.68718135,87.43758,60.085472,0.69500494,-0.007823586
2021-08-15,0.68278944,87.43758,59.701458,0.68718135,-0.0043919086
2021-08-22,0.67730224,87.43758,59.22167,0.68278944,-0.0054872036
2021-08-29,0.66722864,87.43758,58.340855,0.67730224,-0.010073602
2021-09-05,0.65574545,87.43758,57.336792,0.66723543,-0.011489987
2021-09-12,0.6496429,87.43758,56.8032,0.65574545,-0.006102562
2021-09-19,0.63237196,87.43758,55.293076,0.6496291,-0.017257154
2021-09-26,0.62923574,87.43758,55.01885,0.63238555,-0.0031498075
2021-10-03,0.64860314,87.43758,56.712288,0.6292288,0.01937437
2021-10-10,0.66566086,87.43758,58.203773,0.64860314,0.017057717
2021-10-17,0.6750927,87.43758,59.02847,0.66566086,0.009431839
2021-10-24,0.6832935,87.43758,59.745533,0.6750927,0.008200824
2021-10-31,0.7145368,87.43758,62.477367,0.68328995,0.031246841
2021-11-07,0.72277987,87.43758,63.19812,0.7145418,0.008238077
2021-11-14,0.7128297,87.43758,62.328102,0.72277987,-0.009950161
2021-11-21,0.71152014,87.43758,62.213596,0.7128297,-0.0013095737
2021-11-28,0.688839,87.43758,60.230415,0.7115164,-0.022677362
2021-12-05,0.65549576,87.43758,57.31496,0.68884206,-0.033346295
2021-12-12,0.6191363,87.43758,54.135777,0.65549576,-0.03635949
2021-12-19,0.6061413,87.43758,52.99953,0.6191334,-0.012992084
2021-12-26,0.5758256,87.43758,50.348793,0.6061044,-0.030278802
2022-01-02,0.5587489,87.43758,48.85565,0.5758256,-0.017076671
2022-01-09,0.53052855,87.43758,46.388134,0.55879,-0.028261483
2022-01-16,0.51854825,87.43758,45.340603,0.5304869,-0.011938632
2022-01-23,0.5012415,87.43758,43.827343,0.51858115,-0.017339647
2022-01-30,0.48832208,87.43758,42.6977,0.5012094,-0.012887299
2022-02-06,0.46622312,87.43758,40.765423,0.48832208,-0.022098958
2022-02-13,0.44680217,87.43758,39.0673,0.46626493,-0.019462764
2022-02-20,0.42554364,87.43758,37.208504,0.4467602,-0.021216571
2022-02-27,0.39934772,87.43758,34.917995,0.42557058,-0.026222855
2022-03-06,0.3675407,87.43758,32.136868,0.39934772,-0.031807035
2022-03-13,0.33964655,87.43758,29.69787,0.3675561,-0.027909547
2022-03-20,0.31194127,87.43758,27.275389,0.3396113,-0.027670026
2022-03-27,0.29040065,87.43758,25.39193,0.3119641,-0.02156344
2022-04-03,0.26713789,87.43758,23.357891,0.29038393,-0.02324605
2022-04-10,0.24714686,87.43758,21.609924,0.26716036,-0.020013496
2022-04-17,0.22471578,87.43758,19.648603,0.24713725,-0.022421464
2022-04-24,0.21977141,87.43758,19.21628,0.22473072,-0.0049593
2022-05-01,0.21007195,87.43758,18.368183,0.21975328,-0.009681329
2022-05-08,0.20947425,87.43758,18.315922,0.21009259,-0.0006183386
2022-05-15,0.23386352,87.43758,20.44846,0.20945051,0.024413005
2022-05-22,0.25665045,87.43758,22.440895,0.23390953,0.022740915
2022-05-29,0.32205597,87.43758,28.159794,0.25665045,0.06540552
2022-06-05,0.3750703,87.43758,32.79524,0.32205483,0.05301547
2022-06-12,0.43159097,87.43758,37.73727,0.37504756,0.05654341
2022-06-19,0.48517767,87.43758,42.42276,0.43159097,0.05358669
2022-06-26,0.5345708,87.43758,46.741577,0.48519456,0.04937625
2022-07-03,0.5942578,87.43758,51.96046,0.5345708,0.05968696
2022-07-10,0.6234616,87.43758,54.513973,0.5942578,0.029203832
2022-07-17,0.6403073,87.43758,55.986923,0.6234371,0.0168702
2022-07-24,0.6521233,87.43758,57.020077,0.6403073,0.011815965
2022-07-31,0.66509485,87.43758,58.15428,0.6521233,0.01297158
2022-08-07,0.6796853,87.43758,59.430035,0.66509485,0.014590442
2022-08-14,0.6836108,87.43758,59.773273,0.6796853,0.0039255023
2022-08-21,0.6887652,87.43758,60.223965,0.68363076,0.0051344633
2022-08-28,0.6903667,87.43758,60.36399,0.68874514,0.0016215444
2022-09-04,0.6840604,87.43758,59.812588,0.6903667,-0.0063062906
2022-09-11,0.67284936,87.43758,58.832317,0.6841581,-0.01130873
2022-09-18,0.681802,87.43758,59.615112,0.6727526,0.009049356
2022-09-25,0.67860883,87.43758,59.335915,0.681802,-0.00319314
2022-10-02,0.6936049,87.43758,60.647133,0.67860883,0.014996052
2022-10-09,0.73452806,87.43758,64.22536,0.6936049,0.04092318
2022-10-16,0.7515347,87.43758,65.71237,0.73452806,0.017006636
2022-10-23,0.7535362,87.43758,65.88738,0.7515347,0.002001524
2022-10-30,0.7655044,87.43758,66.93385,0.7535362,0.011968195
2022-11-06,0.78591263,87.43758,68.7183,0.7655556,0.020357013
2022-11-13,0.81975764,87.43758,71.67763,0.7858859,0.03387177
2022-11-20,0.80462813,87.43758,70.35474,0.8197739,-0.015145779
2022-11-27,0.7812252,87.43758,68.30844,0.80462813,-0.02340293
2022-12-04,0.75310826,87.43758,65.84996,0.7812252,-0.028116941
2022-12-11,0.71790206,87.43758,62.771618,0.75310826,-0.0352062
2022-12-18,0.6812271,87.43758,59.564846,0.71790206,-0.036674976
2022-12-25,0.6601069,87.43758,57.718147,0.6812271,-0.02112019
2023-01-01,0.6502495,87.43758,56.85624,0.66006136,-0.009811878
2023-01-08,0.63073695,87.43758,55.15011,0.6502882,-0.019551277
2023-01-15,0.6175875,87.43758,54.000355,0.6307416,-0.013154089
2023-01-22,0.5852383,87.43758,51.171818,0.61755764,-0.032319367
2023-01-29,0.56209075,87.43758,49.147854,0.58526564,-0.023174882
2023-02-05,0.5365894,87.43758,46.91808,0.56209075,-0.02550137
2023-02-12,0.5151229,87.43758,45.0411,0.5365692,-0.021446288
2023-02-19,0.49302462,87.43758,43.10888,0.5151229,-0.022098273
2023-02-26,0.46974018,87.43758,41.072945,0.4930591,-0.023318917
2023-03-05,0.44124147,87.43758,38.581085,0.46970814,-0.028466672
2023-03-12,0.4072288,87.43758,35.6071,0.4412743,-0.034045488
2023-03-19,0.38187382,87.43758,33.39012,0.4072129,-0.025339097
2023-03-26,0.3624394,87.43758,31.690823,0.38188842,-0.019449025
2023-04-02,0.33494288,87.43758,29.286594,0.362431,-0.027488112
2023-04-09,0.3068792,87.43758,26.832773,0.3349357,-0.028056502
2023-04-16,0.29432932,87.43758,25.735443,0.30689463,-0.012565315
2023-04-23,0.28794008,87.43758,25.176783,0.29432088,-0.0063807964
2023-04-30,0.27759805,87.43758,24.272503,0.28795606,-0.010358006
2023-05-07,0.26377684,87.43758,23.064009,0.27753246,-0.0137556195
2023-05-14,0.28876275,87.43758,25.248714,0.26377684,0.02498591
2023-05-21,0.34210405,87.43758,29.91275,0.28884545,0.053258598
2023-05-28,0.4081647,87.43758,35.688934,0.34210405,0.06606066
2023-06-04,0.451884,87.43758,39.511646,0.4081647,0.04371929
2023-06-11,0.5003683,87.43758,43.75099,0.45180184,0.04856646
2023-06-18,0.5593782,87.43758,48.910675,0.50043577,0.058942437
2023-06-25,0.6160919,87.43758,53.869587,0.55932915,0.056762755
2023-07-02,0.6551506,87.43758,57.284782,0.61612266,0.03902793
2023-07-09,0.67557037,87.43758,59.07024,0.6551308,0.020439565
2023-07-16,0.70886415,87.43758,61.98136,0.67557037,0.033293784
2023-07-23,0.7317522,87.43758,63.98264,0.7088698,0.022882402
2023-07-30,0.73745877,87.43758,64.48161,0.73174876,0.0057100058
2023-08-06,0.73806846,87.43758,64.53492,0.73745877,0.0006096959
2023-08-13,0.7762949,87.43758,67.87734,0.73806846,0.038226426
2023-08-20,0.78719115,87.43758,68.830086,0.7762949,0.0108962655
2023-08-27,0.792384,87.43758,69.28414,0.78719115,0.005192876
2023-09-03,0.78699046,87.43758,68.81254,0.792384,-0.0053935647
2023-09-10,0.78745395,87.43758,68.853065,0.78698456,0.00046938658
2023-09-17,0.78916216,87.43758,69.002426,0.78745395,0.0017082095
2023-09-24,0.82874024,87.43758,72.463036,0.78917056,0.039569676
2023-10-01,0.8458417,87.43758,73.95835,0.82874024,0.017101467
2023-10-08,0.8522879,87.43758,74.521996,0.84585625,0.006431639
2023-10-15,0.86693335,87.43758,75.80255,0.85227305,0.014660299
2023-10-22,0.8599374,87.43758,75.19084,0.8669483,-0.007010877
2023-10-29,0.83578396,87.43758,73.07892,0.8599374,-0.024153471
2023-11-05,0.8205354,87.43758,71.745636,0.8357681,-0.015232682
2023-11-12,0.7936961,87.43758,69.398865,0.82055193,-0.026855826
2023-11-19,0.76254845,87.43758,66.67539,0.7936961,-0.031147659
2023-11-26,0.7375139,87.43758,64.48643,0.7624946,-0.024980724
2023-12-03,0.7018268,87.43758,61.366035,0.7375691,-0.035742283
2023-12-10,0.6687364,87.43758,58.47269,0.701771,-0.033034623
2023-12-17,0.6489296,87.43758,56.740833,0.6687364,-0.019806802
2023-12-24,0.6429102,87.43758,56.214508,0.64898044,-0.0060702562
2023-12-31,0.6270274,87.43758,54.825756,0.64286906,-0.015841663
2024-01-07,0.59484994,87.43758,52.012238,0.6270274,-0.03217745
2024-01-14,0.56200373,87.43758,49.140247,0.59473884,-0.03273511
2024-01-21,0.5269218,87.43758,46.072765,0.5619911,-0.035069287
2024-01-28,0.5116361,87.43758,44.736217,0.5269509,-0.015314817
2024-02-04,0.50053704,87.43758,43.765747,0.5116361,-0.0110990405
2024-02-11,0.46947733,87.43758,41.04996,0.5004313,-0.030953974
2024-02-18,0.43807197,87.43758,38.30395,0.4695351,-0.031463146
2024-02-25,0.41114956,87.43758,35.94992,0.4380515,-0.02690193
2024-03-03,0.38463405,87.43758,33.63147,0.41114956,-0.026515514
2024-03-10,0.3567833,87.43758,31.196268,0.38463673,-0.02785343
2024-03-17,0.32825997,87.43758,28.702257,0.3567833,-0.028523326
2024-03-24,0.30217284,87.43758,26.42126,0.32825997,-0.026087135
2024-03-31,0.2811891,87.43758,24.586494,0.30217284,-0.020983726
2024-04-07,0.2658445,87.43758,23.244799,0.28121403,-0.0153695345
2024-04-14,0.2838895,87.43758,24.82261,0.26585856,0.018030941
2024-04-21,0.27313653,87.43758,23.882397,0.28387448,-0.010737956
2024-04-28,0.249063,87.43758,21.777464,0.27315024,-0.024087235
2024-05-05,0.27295893,87.43758,23.866867,0.249063,0.023895934
2024-05-12,0.31540677,87.43758,27.578403,0.27295893,0.042447835
2024-05-19,0.40176255,87.43758,35.129143,0.3154091,0.08635345
2024-05-26,0.48265627,87.43758,42.202297,0.40174758,0.080908686
2024-06-02,0.57051295,87.43758,49.88427,0.48265627,0.08785668
2024-06-09,0.60976535,87.43758,53.316406,0.5705361,0.039229274
2024-06-16,0.63456255,87.43758,55.48461,0.60976535,0.024797201
2024-06-23,0.66530544,87.43758,58.172695,0.634495,0.030810416
2024-06-30,0.69027436,87.43758,60.35592,0.66532767,0.02494669
2024-07-07,0.7014534,87.43758,61.333385,0.6902934,0.011160016
2024-07-14,0.7198512,87.43758,62.942047,0.7014348,0.018416405
2024-07-21,0.72955656,87.43758,63.79066,0.7198512,0.009705365
2024-07-28,0.74345344,87.43758,65.00577,0.729526,0.01392746
2024-08-04,0.73945457,87.43758,64.65612,0.7434972,-0.0040426254
2024-08-11,0.75965184,87.43758,66.42212,0.73945457,0.020197272
2024-08-18,0.76941025,87.43758,67.27537,0.75964546,0.009764791
2024-08-25,0.79849434,87.43758,69.81841,0.76941025,0.029084086
2024-09-01,0.8177013,87.43758,71.49782,0.7984845,0.019216776
2024-09-08,0.8211073,87.43758,71.79563,0.8176896,0.0034177303
2024-09-15,0.84097105,87.43758,73.53247,0.82088566,0.020085394
2024-09-22,0.83318913,87.43758,72.852036,0.84096324,-0.0077741146
2024-09-29,0.8281519,87.43758,72.41159,0.83318216,-0.0050302744
2024-10-06,0.8152829,87.43758,71.28636,0.8281489,-0.01286602
2024-10-13,0.81528497,87.43758,71.286545,0.81486154,0.0004234314
2024-10-20,0.82048154,87.43758,71.74092,0.81528497,0.0051965714
2024-10-27,0.85519254,87.43758,74.77596,0.82047606,0.034716487
2024-11-03,0.87405,87.43758,76.42482,0.8551883,0.018861711
2024-11-10,0.869653,87.43758,76.04035,0.87405,-0.0043970346
2024-11-17,0.8638762,87.43758,75.53524,0.86960816,-0.0057319403
2024-11-24,0.8407019,87.43758,73.508934,0.8638762,-0.023174345
2024-12-01,0.83274275,87.43758,72.81301,0.8406632,-0.007920444
2024-12-08,0.82034934,87.43758,71.72936,0.8327798,-0.012430489
2024-12-15,0.7968096,87.43758,69.671104,0.8203564,-0.023546815
2024-12-22,0.79262924,87.43758,69.30558,0.79676735,-0.004138112
2024-12-29,0.79060185,87.43758,69.12831,0.7926799,-0.0020780563
2025-01-05,0.76791924,87.43758,67.145,0.7905501,-0.02263087
2025-01-12,0.7346871,87.43758,64.239265,0.7679553,-0.033268213
2025-01-19,0.7291466,87.43758,63.754814,0.73465127,-0.0055046678
2025-01-26,0.70334566,87.43758,61.49884,0.7291931,-0.025847435
2025-02-02,0.6711438,87.43758,58.68319,0.7033822,-0.032238424
2025-02-09,0.6399496,87.43758,55.955643,0.6711438,-0.03119415
2025-02-16,0.60093284,87.43758,52.544113,0.63990533,-0.038972497
2025-02-23,0.5717315,87.43758,49.99082,0.6008935,-0.02916199
2025-03-02,0.54962057,87.43758,48.05749,0.5717315,-0.022110939
2025-03-09,0.5584408,87.43758,48.828712,0.54966366,0.008777142
2025-03-16,0.5298404,87.43758,46.32796,0.5584727,-0.028632283
2025-03-23,0.5062498,87.43758,44.265255,0.52982813,-0.023578346
2025-03-30,0.4917365,87.43758,42.99625,0.50619274,-0.014456242
2025-04-06,0.47792685,87.43758,41.788765,0.49174732,-0.013820469
2025-04-13,0.46924815,87.43758,41.029922,0.47795293,-0.0087047815
2025-04-20,0.4813347,87.43758,42.08674,0.469259,0.012075692
2025-04-27,0.47429666,87.43758,41.47135,0.4813347,-0.007038027
2025-05-04,0.49304447,87.43758,43.110615,0.47429666,0.018747807
2025-05-11,0.4917016,87.43758,42.9932,0.49304447,-0.0013428628
2025-05-18,0.5096536,87.43758,44.562878,0.4916918,0.01796183
2025-05-25,0.52225715,87.43758,45.664898,0.5096738,0.012583375
2025-06-01,0.5498491,87.43758,48.077473,0.52226454,0.027584553
2025-06-08,0.57988894,87.43758,50.704086,0.54984635,0.030042589
2025-06-15,0.59725803,87.43758,52.222797,0.579882,0.017376006
2025-06-22,0.63758904,87.43758,55.74924,0.5972628,0.040326238
2025-06-29,0.6747103,87.43758,58.99503,0.63758904,0.037121236
2025-07-06,0.6990611,87.43758,61.12421,0.6746773,0.024383783
2025-07-13,0.70831543,87.43758,61.933388,0.6990428,0.009272635
2025-07-20,0.7210096,87.43758,63.043335,0.70831543,0.01269418
2025-07-27,0.7196447,87.43758,62.923992,0.7210898,-0.001445055
2025-08-03,0.72021544,87.43758,62.973896,0.71956867,0.00064677
2025-08-10,0.7562653,87.43758,66.12601,0.72023267,0.036032617
2025-08-17,0.7628247,87.43758,66.69955,0.75624937,0.006575346
2025-08-24,0.7557637,87.43758,66.082146,0.7628395,-0.0070757866
2025-08-31,0.7429251,87.43758,64.95957,0.755749,-0.01282388
2025-09-07,0.7676479,87.43758,67.12128,0.74299544,0.024652481
2025-09-14,0.78195226,87.43758,68.37202,0.767564,0.014388263
2025-09-21,0.80293876,87.43758,70.20702,0.782038,0.020900786
2025-09-28,0.7961093,87.43758,69.60987,0.80286396,-0.0067546368
2025-10-05,0.79431885,87.43758,69.45332,0.796027,-0.0017081499
2025-10-12,0.81383866,87.43758,71.16008,0.7943005,0.019538164
2025-10-19,0.8082479,87.43758,70.67124,0.81377596,-0.005528033
2025-10-26,0.80894345,87.43758,70.732056,0.8082879,0.0006555319
2025-11-02,0.800029,87.43758,69.95259,0.80890125,-0.008872271
2025-11-09,0.8116591,87.43758,70.969505,0.79993343,0.011725664
2025-11-16,0.80588675,87.43758,70.46479,0.81173724,-0.005850494
2025-11-23,0.77720493,87.43758,67.95692,0.80588675,-0.028681815
2025-11-30,0.75798196,87.43758,66.27611,0.77720493,-0.019222975
2025-12-07,0.74088,87.43758,64.780754,0.7578498,-0.0169698
2025-12-14,0.7366734,87.43758,64.41294,0.74088,-0.004206598
2025-12-21,0.7418264,87.43758,64.8635,0.73665917,0.005167246
2025-12-28,0.72184974,87.43758,63.116795,0.7418264,-0.019976676
2026-01-04,0.69464934,87.43758,60.738457,0.72184974,-0.0272004
2026-01-11,0.65708065,87.43758,57.45354,0.69465965,-0.037579
2026-01-18,0.62151384,87.43758,54.343662,0.65706474,-0.035550892
2026-01-25,0.5837499,87.43758,51.041676,0.62151384,-0.037763953
2026-02-01,0.5451211,87.43758,47.664066,0.5837499,-0.038628817
2026-02-08,0.5106277,87.43758,44.64805,0.54518765,-0.034559965
2026-02-15,0.47483885,87.43758,41.518757,0.5105857,-0.035746872
2026-02-22,0.44483963,87.43758,38.8957,0.4748168,-0.029977173
2026-03-01,0.4219059,87.43758,36.89043,0.44486293,-0.022957027
2026-03-08,0.39683264,87.43758,34.698086,0.4218713,-0.02503866
2026-03-15,0.38086843,87.43758,33.302216,0.39687824,-0.016009808
2026-03-22,0.3670319,87.43758,32.09238,0.38086247,-0.013830572
2026-03-29,0.35527745,87.43758,31.0646,0.36705557,-0.011778116
2026-04-05,0.3417435,87.43758,29.881224,0.35525477,-0.01351127
2026-04-12,0.32839224,87.43758,28.713821,0.34173223,-0.013339996
2026-04-19,0.31825143,87.43758,27.827135,0.32841113,-0.010159701
2026-04-26,0.3233697,87.43758,28.274664,0.31826746,0.005102247
2026-05-03,0.3288657,87.43758,28.75522,0.32331064,0.0055550635
2026-05-10,0.32439142,87.43758,28.364,0.32892728,-0.004535854
2026-05-17,0.3243583,87.43758,28.361105,0.32440245,-4.413724e-05
2026-05-24,0.37456557,87.43758,32.751106,0.3243583,0.050207257
2026-05-31,0.43616304,87.43758,38.13704,0.37452814,0.0616349
2026-06-07,0.51727355,87.43758,45.229145,0.43620962,0.081063926
2026-06-14,0.5745539,87.43758,50.237602,0.51727355,0.05728036
2026-06-21,0.6018022,87.43758,52.620125,0.5745539,0.027248263
2026-06-28,0.6187181,87.43758,54.099213,0.6018022,0.016915917
2026-07-05,0.6305877,87.43758,55.137062,0.6187181,0.011869609
2026-07-12,0.628454,87.43758,54.9505,0.6305877,-0.0021336675
2026-07-19,0.6205158,87.43758,54.2564,0.628454,-0.007938206
2026-07-26,0.6182537,87.43758,54.058605,0.6205158,-0.0022621155
2026-08-02,0.6281369,87.43758,54.922764,0.6182537,0.009883165
2026-08-09,0.64144284,87.43758,56.08621,0.62803197,0.013410866
2026-08-16,0.6478905,87.43758,56.649975,0.6414437,0.006446779
2026-08-23,0.6395198,87.43758,55.918064,0.6478905,-0.0083706975
2026-08-30,0.63438076,87.43758,55.46872,0.6395244,-0.0051436424
2026-09-06,0.6360544,87.43758,55.615055,0.63442105,0.0016333461
